Файл,Маркировка и количество,Код товара (ТН ВЭД),Вес брутто (кг),Вес нетто (кг)
100050302111233309361.pdf,"5M 3 AWG PVC. НАПРЯЖЕНИЕ НЕ БОЛЕЕ 50 В. ДЛИНА 1.5 МЕТРОВ Производитель INTERTECH SERVICE AG Тов.знак LINOYA Торг. знак, марка LINOYA Модель THD21-15-WGR Кол-во 2000.00 ШТ КАБЕЛИ ОСНАЩЕННЫЕ СОЕДИНИТЕЛЬНЫМИ ПРИСПОСОБЛЕНИЯМИ. HDMI 2.1 A-A CABLE L 2M 30 WG PVC. НАПРЯЖЕНИЕ НЕ БОЛЕЕ 50 В. ДЛИНА 2 МЕТРА Производитель INTERTECH SERVICES AG ов.знак LINOYA Торг. знак, марка LINOYA Модель THD21-20-WGR Кол-во 2000.00 ШТ КАБЕЛИ ОСНАЩЕННЫЕ СОЕДИНИТЕЛЬНЫМИ ПРИСПОСОБЛЕНИЯМИ. HDMI 2.1 A-A CABLE L 3M 28 WG PVC. НАПРЯЖЕНИЕ НЕ БОЛЕЕ 50 В. ДЛИНА 3 МЕТРА Производитель INTERTECH SERVICES AG ов.знак LINOYA Торг. знак, марка LINOYA Модель THD21-30-WGR Кол-во 1500.00 ШТ КАБЕЛИ ОСНАЩЕННЫЕ СОЕДИНИТЕЛЬНЫМИ ПРИСПОСОБЛЕНИЯМИ. HDMI 2.0 A-A CABLE L 1 M 30 WG PVC. НАПРЯЖЕНИЕ НЕ БОЛЕЕ 50 В. ДЛИНА 1 МЕТР Производитель INTERTECH SERVICES AG Т в.знак LINOYA Торг. знак, марка LINOYA Модель THD20-10-CGR Кол-во 3000.00 ШТ КАБЕЛИ ОСНАЩЕННЫЕ СОЕДИНИТЕЛЬНЫМИ ПРИСПОСОБЛЕНИЯМИ. HDMI 2.0 A-A CABLE L 1.5M 3 AWG PVC. НАПРЯЖЕНИЕ НЕ БОЛЕЕ 50 В. ДЛИНА 1.5 МЕТРОВ Производитель INTERTECH SERVICE AG Тов.знак LINOYA Торг. знак, марка LINOYA Модель THD20-15-CGR Кол-во 3000.00 ШТ КАБЕЛИ ОСНАЩЕННЫЕ СОЕДИНИТЕЛЬНЫМИ ПРИСПОСОБЛЕНИЯМИ. HDMI 2.0 A-A CABLE L 2M 30 WG PVC. НАПРЯЖЕНИЕ НЕ БОЛЕЕ 50 В. ДЛИНА 2 МЕТРА Производитель INTERTECH SERVICES AG ов.знак LINOYA Торг. знак, марка LINOYA Модель THD20-20-CGR Кол-во 3000.00 ШТ КАБЕЛИ ОСНАЩЕННЫЕ СОЕДИНИТЕЛЬНЫМИ ПРИСПОСОБЛЕНИЯМИ. HDMI 2.0 A-A CABLE L 3M 30 WG PVC. НАПРЯЖЕНИЕ НЕ БОЛЕЕ 50 В. ДЛИНА 3 МЕТРА Производитель INTERTECH SERVICES AG ов.знак LINOYA Торг. знак, марка LINOYA Модель THD20-30-CGR Кол-во 2000.00 ШТ КАБЕЛИ ОСНАЩЕННЫЕ СОЕДИНИТЕЛЬНЫМИ ПРИСПОСОБЛЕНИЯМИ. HDMI 2.0 A-A CABLE L 5M 28 WG PVC. НАПРЯЖЕНИЕ НЕ БОЛЕЕ 50 В. ДЛИНА 5 МЕТРОВ Производитель INTERTECH SERVICES A Тов.знак LINOYA Торг. знак, марка LINOYA Модель THD20-50-CGR Кол-во 1500.00 ШТ )250 CT-250,",8544429007,2460.00036,2084.81039
10013160-170623_3274426.pdf,"63291: счета: 59276.6301000 EUR 25Вид 26Вид 27Место погрузки/разгрузки 28Финансовые и банковские сведения транспорта транспорта 31 на границе 31 внутри страны 29Орган въезда/выезда 30Местонахождение товаров 11216407 ПТО БЕНЯКОНИ-111 , 10013020, 1 РОССИЯ, МОСКОВСКАЯ ОБЛ., Г. ХИМКИ, ВАШУТИНСКОЕ Ш., Д. 20, К. 1 , св-во: 10013/200111/10107/10 А 10013160/170623/32744261ДЕКЛАРАЦИЯ ИМ 40 ЭД 12Отправитель/Экспортер PUBLIC LIMITED COMPANY INTERTECH SERVICES AG FROM TERMINAL UAB GEVARA,VILNIUS,LITHUANIA 6005, ЛИТВА, LUZERN, WERFTESTRASSE 4 ИМ ЭД 3Формы 1224Отгр. спец. 5Всего т-ов 646Всего мест 57Справочный номер 8Получатель СМ. ГРАФУ 14 ДТ 9Лицо, ответственное за финансовое урегулирование СМ. ГРАФУ 14 ДТ 10Стр.перв.назнач/ посл.отп. 11Торг.страна CH 12Общая таможенная стоимость 15866152.093 14Декларант ООО МАРКЕТ.ТРЕЙД 9705171890 / 770401001121099, РОССИЯ, РФ, Г. МОСКВА, НОВИНСКИЙ Б-Р, Д. 8 122770033949215Страна отправления ЛИТВА",6404199000,52.92936,46.502
10013160_271023_3459803.pdf,"часть места) , CT-1, Поддоны: НА ЧАСТИ ПАЛЛЕТЫ,1 / PX .1 PK,",6208920000,0.22036,0.195
10013160_271123_3501756 чайник.pdf,"1014Декларант О 12 О 19 О 07 90 9 М 5 , 1 А Р 7 Р О 1 К 8 С Е 9 С 0 Т И . Т / Я 7 Р , 7 Е Р 0 Й Ф 4 Д 0 , 1 Г 0 . 0 М 1 ОСКВА, НОВИНСКИЙ Б-Р, Д. 81 К 5 И С Т т А р Й ана отправления",8516797000,2055.00036,1377.00039
10013160_280623_3291263.pdf,"часть места) , PX-1, .1 PK,",9503001009,19.44836,19.239
10013160_280623_3292051.pdf,"часть места) , CT-7, Поддоны: ПОДДОН (",4202210000,177.65036,125.40039
10013160_280923_3420259.pdf,В.62255/2306.02.2023 с 06.02.2023 по 05.02.20282013/0 3267052606.09.20232013/0 3267052906.09.20233011/2 1065883912.12.2022 ДТ: 10013160/010323/30933593031/0 22113356/3292/0000/2/129.11.20224021/0 MDOKZRUYD230826A 26.08.20234021/0 MDOKZRUYD230826B 26.08.20239013/0 39857507/110923/026349711.09.20239013/0 39857507/120923/026366612.09.20239023/0 CERT100016315726.08.20239023/0 CERT100016316326.08.20239023/0 CERT100016316626.08.20239023/0 CERT100016316726.08.20239023/0 CERT100016317726.08.20239034/2 112724.01.2020 ДТ: 10013160/250522/326498641Дополнит.единицы 2002.00/ШТ/79642Цена товара 4483079.62 С,8516500000,22782.76036,22782.76039
10013160_281223_3549742.pdf,"30821: счета: 5712951.8501000 TRY 25Вид 26Вид 27Место погрузки/разгрузки 28Финансовые и банковские сведения транспорта транспорта 31 на границе 31 внутри страны 29Орган въезда/выезда 30Местонахождение товаров 11207208 ПТО БИГОСОВО-111, 10013020, 1 РОССИЯ, МОСКОВСКАЯ ОБЛ., Г. ХИМКИ, ВАШУТИНСКОЕ Ш., Д. 20, К. 1 , св-во: 10013/200111/10107/10 А 10013160/281223/35497421ДЕКЛАРАЦИЯ ИМ 40 ЭД 12Отправитель/Экспортер YAKUT PHARMA ITHALAT IHRACAT VE DANISMANLIK FROM TERMINAL UAB GRENS CARGO LITHUANIA контрагент 34500, ТУРЦИЯ, BUYUKCEKMECE, ISTANBUL, NO: 5 IC KAPI NO:13 ИМ ЭД 3Формы 13 4Отгр. спец. 5Всего т-ов 76Всего мест 307Справочный номер 8Получатель СМ. ГРАФУ 14 ДТ 9Лицо, ответственное за финансовое урегулирование СМ. ГРАФУ 14 ДТ 10Стр.перв.назнач/ посл.отп. 11Торг.страна TR 12Общая таможенная стоимость 118190852.603 14Декларант ООО МАРКЕТ.ТРЕЙД 9705171890 / 770401001121099, РОССИЯ, ВН.ТЕР.Г. МУНИЦИПАЛЬНЫЙ ОКРУГ АРБАТ, Г.МОСКВА, Б-Р НОВИНСКИЙ, Д.8 122770033949215Страна отправления ТУРЦИЯ",9503003500,1989.10036,1554.80039
10013160_290323_3143318.pdf,01.01.003.R.000915.12.2229.12.20221411/0 AM.01.01.01.003.R.000916.12.2229.12.20222015/0 J23126317.03.20233011/2 1059602528.07.2022 ДТ: 10702070/050123/30030973031/0 22080175/3292/0000/2/102.08.20224021/0 CI-00000117401.03.20234031/0 G2303365423.03.20234033/2 1059994705.08.2022 ДТ: 10013160/031122/35310559013/0 11216407/220323/013244322.03.20239023/0 AM.01.01.01.003.R.000915.12.2229.12.20229023/0 AM.01.01.01.003.R.000916.12.2229.12.20229034/2 112724.01.2020 ДТ: 10013160/250522/326498641Дополнит.единицы 42Цена товара 48982.48 С,2106909803,145.10036,133.50039
10013160_290523_3242229.pdf,2022 с 07.11.2022 по 06.11.20272015/0 KD22421410.05.20233011/2 1062331803.10.2022 ДТ: 10013160/190323/31236923031/0 22100203/3292/0000/2/104.10.20224011/2 БН 07.06.2022 ДТ: 10013160/221122/35654294011/2 Б/Н 10.06.2022 ДТ: 10013160/221122/35654294011/2 БН 10.06.2022 ДТ: 10013160/221122/35654294021/0 CI-00000134401.05.20234031/0 G2305310823.05.20234033/2 1059994705.08.2022 ДТ: 10013160/221122/35654294131/0 CI-00000134401.05.20239013/0 11216407/230523/015793723.05.20239023/2 ЮЭ9965-23-3266169417.03.2023 ДТ: 10013160/070423/31582509034/2 115718.03.2020 ДТ: 10131010/020223/303835641Дополнит.единицы 306.00/ШТ/79642Цена товара 440086.00 С,4202210000,263.16036,189.72039
10013160_290523_3242882.pdf,"00 ШТ КОНСТРУКТОР LEGO CITY 60382 VET VAN RESCUE, КОЛИЧЕСТВО ДЕТАЛЕЙ - 58 ШТ., МАТЕРИАЛ ИЗГ ТОВЛЕНИЯ - ПЛАСТИК, ПОСТАВЛЯЕТСЯ В ИНДИВИДУАЛЬНОЙ КОРОБКЕ В КОМПЛЕКТЕ С ИНСТРУК ИЕЙ ПО СБОРКЕ, ВОЗРАСТ 4 Производитель LEGO SYSTEM A/S Тов.знак LEGO Торг. знак, марка ОТ УТСТВУЕТ Модель ОТСУТСТВУЕТ Артикул 60382 Кол-во 82.00 ШТ КОНСТРУКТОР LEGO CITY 60369 MOBILE POLICE DOG TRAINING, КОЛИЧЕСТВО ДЕТАЛЕЙ - 197 ШТ., АТЕРИАЛ ИЗГОТОВЛЕНИЯ - ПЛАСТИК, ПОСТАВЛЯЕТСЯ В ИНДИВИДУАЛЬНОЙ КОРОБКЕ В КОМПЛЕ ТЕ С ИНСТРУКЦИЕЙ ПО СБОРКЕ, ВОЗРАСТ 5 Производитель LEGO SYSTEM A/S Тов.знак LEGO Тор знак, марка ОТСУТСТВУЕТ Модель ОТСУТСТВУЕТ Артикул 60369 Кол-во 163.00 ШТ КОНСТРУКТОР LEGO CITY 60383 ЭЛЕКТРИЧЕСКИЙ СПОРТКАР, КОЛИЧЕСТВО ДЕТАЛЕЙ - 95 ШТ., МАТ РИАЛ ИЗГОТОВЛЕНИЯ - ПЛАСТИК, ПОСТАВЛЯЕТСЯ В ИНДИВИДУАЛЬНОЙ КОРОБКЕ В КОМПЛЕКТЕ ИНСТРУКЦИЕЙ ПО СБОРКЕ, ВОЗРАСТ 5 Производитель LEGO SYSTEM A/S Тов.знак LEGO Торг. зна , марка ОТСУТСТВУЕТ Модель ОТСУТСТВУЕТ Артикул 60383 Кол-во 28.00 ШТ КОНСТРУКТОР LEGO HARRY POTTER HOGWARTS POLYJUICE POTION MISTAKE / ХОГВАРТС: ОШИБК С ОБОРОТНЫМ ЗЕЛЬЕМ, КОЛИЧЕСТВО ДЕТАЛЕЙ - 217 ШТ., МАТЕРИАЛ ИЗГОТОВЛЕНИЯ - ПЛАСТИ , ПОСТАВЛЯЕТСЯ В ИНДИВИДУАЛЬНОЙ КОРОБКЕ В КОМПЛЕКТЕ С ИНСТРУКЦИЕЙ ПО СБОРКЕ, ВО РАСТ 7 Производитель LEGO SYSTEM A/S Тов.знак LEGO Торг. знак, марка ОТСУТСТВУЕТ Модель О СУТСТВУЕТ Артикул 76386 Кол-во 96.00 ШТ КОНСТРУКТОР LEGO HARRY POTTER 76382 HOGWARTS MOMENT TRANSFIGURATION CLASS /УЧЁБА ХОГВАРТСЕ: УРОК ТРАНСФИГУРАЦИИ, КОЛИЧЕСТВО ДЕТАЛЕЙ - 241 ШТ., МАТЕРИАЛ ИЗГОТОВЛЕН Я - ПЛАСТИК, ПОСТАВЛЯЕТСЯ В ИНДИВИДУАЛЬНОЙ КОРОБКЕ В КОМПЛЕКТЕ С ИНСТРУКЦИЕЙ П СБОРКЕ, ВОЗРАСТ 8 Производитель LEGO SYSTEM A/S Тов.знак LEGO Торг. знак, марка ОТСУТСТВ ЕТ Модель ОТСУТСТВУЕТ Артикул 76382 Кол-во 20.00 ШТ КОНСТРУКТОР LEGO MARVEL GUARDIANS OF THE GALAXY HEADQUARTERS / ШТАБ-КВАРТИРА СТР ЖЕЙ ГАЛАКТИКИ, КОЛИЧЕСТВО ДЕТАЛЕЙ - 67 ШТ., МАТЕРИАЛ ИЗГОТОВЛЕНИЯ - ПЛАСТИК, ПОСТАВ ЯЕТСЯ В ИНДИВИДУАЛЬНОЙ КОРОБКЕ В КОМПЛЕКТЕ С ИНСТРУКЦИЕЙ ПО СБОРКЕ, ВОЗРАСТ 7 роизводитель LEGO SYSTEM A/S Тов.знак LEGO Торг. знак, марка ОТСУТСТВУЕТ Модель ОТСУТСТВУ Т Артикул 76253 Кол-во 300.00 ШТ КОНСТРУКТОР LEGO STAR WARS 75348 MANDALORIAN FANG FIGHTER VS TIE INTERCEPTOR / МАНД ЛОРСКИЙ ИСТРЕБИТЕЛЬ КЛЫК, КОЛИЧЕСТВО ДЕТАЛЕЙ - 957 ШТ., МАТЕРИАЛ ИЗГОТОВЛЕНИЯ - ПЛ СТИК, ПОСТАВЛЯЕТСЯ В ИНДИВИДУАЛЬНОЙ КОРОБКЕ В КОМПЛЕКТЕ С ИНСТРУКЦИЕЙ ПО СБОРК , ВОЗРАСТ 9 Производитель LEGO SYSTEM A/S Тов.знак LEGO Торг. знак, марка ОТСУТСТВУЕТ Моде ь ОТСУТСТВУЕТ Артикул 75348 Кол-во 84.00 ШТ КОНСТРУКТОР LEGO DC SUPER HEROES 76181 БЭТМОБИЛЬ: ПОГОНЯ ЗА ПИНГВИНОМ, КОЛИЧЕСТВ ДЕТАЛЕЙ - 392 ШТ., МАТЕРИАЛ ИЗГОТОВЛЕНИЯ - ПЛАСТИК, ПОСТАВЛЯЕТСЯ В ИНДИВИДУАЛЬНО КОРОБКЕ В КОМПЛЕКТЕ С ИНСТРУКЦИЕЙ ПО СБОРКЕ, ВОЗРАСТ 8 Производитель LEGO SYSTEM /S Тов.знак LEGO Торг. знак, марка ОТСУТСТВУЕТ Модель ОТСУТСТВУЕТ Артикул 76181 Кол-во 20.0 ШТ КОНСТРУКТОР LEGO CITY POLICE ПОЛИЦЕЙСКИЙ УЧАСТОК, КОЛИЧЕСТВО ДЕТАЛЕЙ - 668 ШТ., МАТ РИАЛ ИЗГОТОВЛЕНИЯ - ПЛАСТИК, ПОСТАВЛЯЕТСЯ В ИНДИВИДУАЛЬНОЙ КОРОБКЕ В КОМПЛЕКТЕ ИНСТРУКЦИЕЙ ПО СБОРКЕ, ВОЗРАСТ 6 Производитель LEGO SYSTEM A/S Тов.знак LEGO Торг. зна , марка ОТСУТСТВУЕТ Модель ОТСУТСТВУЕТ Артикул 60316 Кол-во 104.00 ШТ КОНСТРУКТОР LEGO CREATOR 311",9503003500,774.72436,616.60339
10013160_290923_3421995.pdf,В.63919/2307.02.2023 с 07.02.2023 по 06.02.20282015/0 MDSCZMARC23090607.09.20233011/2 LM-1642901.03.2023 ДТ: 10013160/090323/31072413031/0 22120996/3292/0000/2/109.12.20224021/3 MDYDX23090606.09.20234031/0 1274/2309/1F-228.09.20234033/2 1064714614.11.2022 ДТ: 10013160/250123/30326709013/0 39857503/220923/002894922.09.20239022/0 TUK217H229.09.20239023/0 БН 29.09.20239053/3 08112308.11.202341Дополнит.единицы 500.00/ШТ/79642Цена товара 459385.00 С,8516797000,968.20036,842.17039
10013160_300123_3040665.pdf,"5714Декларант О 11 О 59 О 07 30 5 М 5 , 1 А Р 7 О Р 1 К С 8 Е 9 С 0 Т И . Т / Я 7 Р , 7 Е Р 0 Й Ф 5 Д 0 , 1 Г. 0 М 01 ОСКВА, САДОВНИЧЕСКАЯ УЛ, Д. 82 СТР. 2, ПОМЕЩ. 1 Б 5 Е С Л т Ь р Г а И н Я а отправления",9503003500,3769.74736,3270.72739
10013160_310323_3147557.pdf,"часть места) , PX-24, .1 PK,",1517909900,9127.36736,8883.40039
10013160_310723_3341955.pdf,"00 ШТ Производитель G. . OPERATIONS S.P.A. Тов.знак EMPORIO ARMANI Артикул 1113579P717 Кол-во 36.00 ШТ КОМПЛЕКТ ТРУСОВ (3 ШТ) ТРИКОТАЖНЫЕ МУЖСКИЕ 95 ХЛОПОК, 5 ЭЛАСТАН В ИНДИВИДУАЛЬ ОЙ УПАКОВКЕ. РАЗМЕРЫ : M (РОСТ - 178-180СМ, ОБХВАТ ГРУДИ - 96СМ) Производитель G.A. OPER TIONS S.P.A. Тов.знак EMPORIO ARMANI Артикул 1113579P715 Кол-во 52.00 ШТ Производитель .A. OPERATIONS S.P.A. Тов.знак EMPORIO ARMANI Артикул 1113579P717 Кол-во 79.00 ШТ КОМПЛЕКТ ТРУСОВ (3 ШТ) ТРИКОТАЖНЫЕ МУЖСКИЕ 95 ХЛОПОК, 5 ЭЛАСТАН В ИНДИВИДУАЛЬ ОЙ УПАКОВКЕ. РАЗМЕРЫ : L (РОСТ - 182-184СМ, ОБХВАТ ГРУДИ - 102СМ) Производитель G.A. OPER TIONS S.P.A. Тов.знак EMPORIO ARMANI Артикул 1113579P715 Кол-во 52.00 ШТ Производитель .A. OPERATIONS S.P.A. Тов.знак EMPORIO ARMANI Артикул 1113579P717 Кол-во 83.00 ШТ КОМПЛЕКТ ТРУСОВ (3 ШТ) ТРИКОТАЖНЫЕ МУЖСКИЕ 95 ХЛОПОК, 5 ЭЛАСТАН В ИНДИВИДУАЛЬ ОЙ УПАКОВКЕ. РАЗМЕРЫ : XL (РОСТ - 186-188СМ, ОБХВАТ ГРУДИ - 106СМ) Производитель G.A. OPE ATIONS S.P.A. Тов.знак EMPORIO ARMANI Артикул 1113579P715 Кол-во 21.00 ШТ Производитель .A. OPERATIONS S.P.A. Тов.знак EMPORIO ARMANI Артикул 1113579P717 Кол-во 36.00 ШТ КОМПЛЕКТ ТРУСОВ (3 ШТ) ТРИКОТАЖНЫЕ МУЖСКИЕ 95 ХЛОПОК, 5 ЭЛАСТАН В ИНДИВИДУАЛЬ ОЙ УПАКОВКЕ. РАЗМЕРЫ : XXL (РОСТ - 190-192СМ, ОБХВАТ ГРУДИ - 110СМ) Производитель G.A. OP RATIONS S.P.A. Тов.знак EMPORIO ARMANI Артикул 1113579P715 Кол-во 3.00 ШТ Производитель .A. OPERATIONS S.P.A. Тов.знак EMPORIO ARMANI Артикул 1113579P717 Кол-во 18.00 ШТ КОМПЛЕКТ ТРУСОВ (2 ШТ) ТРИКОТАЖНЫЕ МУЖСКИЕ 95 ХЛОПОК, 5 ЭЛАСТАН В ИНДИВИДУАЛЬ ОЙ УПАКОВКЕ. РАЗМЕРЫ : S (РОСТ - 174-176СМ, ОБХВАТ ГРУДИ - 94СМ) Производитель G.A. OPERA IONS S.P.A. Тов.знак EMPORIO ARMANI Артикул 1112109P717 Кол-во 3.00 ШТ КОМПЛЕКТ ТРУСОВ (2 ШТ) ТРИКОТАЖНЫЕ МУЖСКИЕ 95 ХЛОПОК, 5 ЭЛАСТАН В ИНДИВИДУАЛЬ ОЙ УПАКОВКЕ. РАЗМЕРЫ : M (РОСТ - 178-180СМ, ОБХВАТ ГРУДИ - 96СМ) Производитель G.A. OPER TIONS S.P.A. Тов.знак EMPORIO ARMANI Артикул 1112109P717 Кол-во 16.00 ШТ КОМПЛЕКТ ТРУСОВ (2 ШТ) ТРИКОТАЖНЫЕ МУЖСКИЕ 95 ХЛОПОК, 5 ЭЛАСТАН В ИНДИВИДУАЛЬ ОЙ УПАКОВКЕ. РАЗМЕРЫ : L (РОСТ - 182-184СМ, ОБХВАТ ГРУДИ - 102СМ) Производитель G.A. OPER TIONS S.P.A. Тов.знак EMPORIO ARMANI Артикул 1112109P717 Кол-во 13.00 ШТ КОМПЛЕКТ ТРУСОВ (2 ШТ) ТРИКОТАЖНЫЕ МУЖСКИЕ 95 ХЛОПОК, 5 ЭЛАСТАН В ИНДИВИДУАЛЬ ОЙ УПАКОВКЕ. РАЗМЕРЫ : XL (РОСТ - 186-188СМ, ОБХВАТ ГРУДИ - 106СМ) Производитель G.A. OPE ATIONS S.P.A. Тов.знак EMPORIO ARMANI Артикул 1112109P717 Кол-во 4.00 ШТ КОМПЛЕКТ ТРУСОВ (2 ШТ) ТРИКОТАЖНЫЕ МУЖСКИЕ 95 ХЛОПОК, 5 ЭЛАСТАН В ИНДИВИДУАЛЬ ОЙ УПАКОВКЕ. РАЗМЕРЫ : XXL (РОСТ - 190-192СМ, ОБХВАТ ГРУДИ - 110СМ) Производитель G.A. OP RATIONS S.P.A. Тов.знак EMPORIO ARMANI Артикул 1112109P717 Кол-во 3.00 ШТ 50.00 ШТ )1 (1-часть места) , CT-9,PX-1,",6107110000,118.37036,96.58039
10131010_010323_3070740.pdf,12.2022 с 01.12.2022 по 30.11.20271402/0 ЕАЭС N RU Д-CH.РА08.В.79699/2205.12.2022 с 05.12.2022 по 04.12.20272013/0 3158244319.01.20233011/0 LM-1520619.01.20233031/0 22120805/3292/0000/2/108.12.20224021/0 MDRHZBOL230070714.01.20239013/0 10718020/120223/00096,8418302001,4747.60036,4382.40039
10131010_030323_3075614.pdf,"МОРОЗИЛЬНИКИ БЫТОВЫЕ ТИПА ЛАРЬ , ЕМКОСТЬЮ НЕ БОЛЕЕ 400 Л, НЕ СОДЕРЖИТ ОЗОНОРАЗ",8418302001,6955.04036,6955.04039
10131010_030323_3075620.pdf,"МОРОЗИЛЬНИКИ БЫТОВЫЕ ТИПА ЛАРЬ , ЕМКОСТЬЮ НЕ БОЛЕЕ 400 Л, НЕ СОДЕРЖИТ ОЗОНОРАЗ",8418302001,5478.40036,5478.40039
10131010_081123_3370060.pdf,2020 ДТ: 10013160/250522/326498641Дополнит.единицы 498.00/ШТ/79642Цена товара 4229094.94 С,8508110000,2863.50036,2863.500
10131010_100523_3163782.pdf,"1158 счета: 317038.1001000 CNY 25Вид 26Вид 27Место погрузки/разгрузки 28Финансовые и банковские сведения транспорта транспорта 20 на границе 20 внутри страны 29Орган въезда/выезда 30Местонахождение товаров 10719100 Т/П ЖДПП ЗАБАЙКАЛЬСК 11 , 10106050, 249020, РОССИЯ, КАЛУЖСКАЯ ОБЛ., 1 БОРОВСКИЙ Р-Н, С. ВОРСИНО, СЕВЕРНАЯ ПРОМЗОНА, ВЛД. 6 , св-во: 10106/100913/10053/9 А 10131010/100523/31637821ДЕКЛАРАЦИЯ ИМ 40 ЭД 12Отправитель/Экспортер WUXI LITTLE SWAN ELECTRIC CO., LTD. КИТАЙ, JIANGSU, WUXI, NO. 18 SOUTH CHANGJIANG RD ИМ ЭД 3Формы 11 4Отгр. спец. 5Всего т-ов 16Всего мест 2517Справочный номер 8Получатель СМ. ГРАФУ 14 ДТ 9Лицо, ответственное за финансовое урегулирование СМ. ГРАФУ 14 ДТ 10Стр.перв.назнач/ посл.отп. 11Торг.страна CN 12Общая таможенная стоимость 3524132.111314Декларант ООО МАРКЕТ.ТРЕЙД 9705171890 / 770401001121099, РОССИЯ, РФ, Г. МОСКВА, НОВИНСКИЙ Б-Р, Д. 8 122770033949215Страна отправления КИТАЙ",8450119000,13752.29036,13752.29039
10131010_100523_3163791.pdf,"1158 счета: 317038.1001000 CNY 25Вид 26Вид 27Место погрузки/разгрузки 28Финансовые и банковские сведения транспорта транспорта 20 на границе 20 внутри страны 29Орган въезда/выезда 30Местонахождение товаров 10719100 Т/П ЖДПП ЗАБАЙКАЛЬСК 11 , 10106050, 249020, РОССИЯ, КАЛУЖСКАЯ ОБЛ., 1 БОРОВСКИЙ Р-Н, С. ВОРСИНО, СЕВЕРНАЯ ПРОМЗОНА, ВЛД. 6 , св-во: 10106/100913/10053/9 А 10131010/100523/31637911ДЕКЛАРАЦИЯ ИМ 40 ЭД 12Отправитель/Экспортер WUXI LITTLE SWAN ELECTRIC CO., LTD. КИТАЙ, JIANGSU, WUXI, NO. 18 SOUTH CHANGJIANG RD ИМ ЭД 3Формы 11 4Отгр. спец. 5Всего т-ов 16Всего мест 2517Справочный номер 8Получатель СМ. ГРАФУ 14 ДТ 9Лицо, ответственное за финансовое урегулирование СМ. ГРАФУ 14 ДТ 10Стр.перв.назнач/ посл.отп. 11Торг.страна CN 12Общая таможенная стоимость 3524132.111314Декларант ООО МАРКЕТ.ТРЕЙД 9705171890 / 770401001121099, РОССИЯ, РФ, Г. МОСКВА, НОВИНСКИЙ Б-Р, Д. 8 122770033949215Страна отправления КИТАЙ",8450119000,13752.29036,13752.29039
10131010_100523_3163811.pdf,"1158 счета: 317038.1001000 CNY 25Вид 26Вид 27Место погрузки/разгрузки 28Финансовые и банковские сведения транспорта транспорта 20 на границе 20 внутри страны 29Орган въезда/выезда 30Местонахождение товаров 10719100 Т/П ЖДПП ЗАБАЙКАЛЬСК 11 , 10106050, 249020, РОССИЯ, КАЛУЖСКАЯ ОБЛ., 1 БОРОВСКИЙ Р-Н, С. ВОРСИНО, СЕВЕРНАЯ ПРОМЗОНА, ВЛД. 6 , св-во: 10106/100913/10053/9 А 10131010/100523/31638111ДЕКЛАРАЦИЯ ИМ 40 ЭД 12Отправитель/Экспортер WUXI LITTLE SWAN ELECTRIC CO., LTD. КИТАЙ, JIANGSU, WUXI, NO. 18 SOUTH CHANGJIANG RD ИМ ЭД 3Формы 11 4Отгр. спец. 5Всего т-ов 16Всего мест 2517Справочный номер 8Получатель СМ. ГРАФУ 14 ДТ 9Лицо, ответственное за финансовое урегулирование СМ. ГРАФУ 14 ДТ 10Стр.перв.назнач/ посл.отп. 11Торг.страна CN 12Общая таможенная стоимость 3524132.111314Декларант ООО МАРКЕТ.ТРЕЙД 9705171890 / 770401001121099, РОССИЯ, РФ, Г. МОСКВА, НОВИНСКИЙ Б-Р, Д. 8 122770033949215Страна отправления КИТАЙ",8450119000,13512.16036,13512.16039
10131010_100523_3163824.pdf,"1158 счета: 317038.1001000 CNY 25Вид 26Вид 27Место погрузки/разгрузки 28Финансовые и банковские сведения транспорта транспорта 20 на границе 20 внутри страны 29Орган въезда/выезда 30Местонахождение товаров 10719100 Т/П ЖДПП ЗАБАЙКАЛЬСК 11 , 10106050, 249020, РОССИЯ, КАЛУЖСКАЯ ОБЛ., 1 БОРОВСКИЙ Р-Н, С. ВОРСИНО, СЕВЕРНАЯ ПРОМЗОНА, ВЛД. 6 , св-во: 10106/100913/10053/9 А 10131010/100523/31638241ДЕКЛАРАЦИЯ ИМ 40 ЭД 12Отправитель/Экспортер WUXI LITTLE SWAN ELECTRIC CO., LTD. КИТАЙ, JIANGSU, WUXI, NO. 18 SOUTH CHANGJIANG RD ИМ ЭД 3Формы 11 4Отгр. спец. 5Всего т-ов 16Всего мест 2517Справочный номер 8Получатель СМ. ГРАФУ 14 ДТ 9Лицо, ответственное за финансовое урегулирование СМ. ГРАФУ 14 ДТ 10Стр.перв.назнач/ посл.отп. 11Торг.страна CN 12Общая таможенная стоимость 3524132.111314Декларант ООО МАРКЕТ.ТРЕЙД 9705171890 / 770401001121099, РОССИЯ, РФ, Г. МОСКВА, НОВИНСКИЙ Б-Р, Д. 8 122770033949215Страна отправления КИТАЙ",8450119000,13752.29036,13752.29039
10131010_121223_3406315.pdf,"00 ШТ 51.00 ШТ )251 NE-251, .1 CT, ) 1 CN: MLRU7166280, 5) 251.00 ШТ",8450119000,14911.91036,14911.91039
10131010_131123_3375190.pdf,08.20234021/0 SUVAC23D032T 13.10.20234031/0 SQ712-I01-R5-S 26.10.20234033/2 333101.08.2023 ДТ: 10131010/171023/33471,8508110000,5155.50036,4664.50039
10131010_151223_3410682.pdf,2023 ДТ: 10131010/141223/34100523011/2 1070661330.03.2023 ДТ: 10131010/131123/33751903031/0 23080008/2307/0000/9/111.08.20234021/2 SUVAC23D031T 31.10.2023 ДТ: 10131010/141223/34100524031/2 SU593-I01-B5-S 13.12.2023 ДТ: 10131010/141223/34100524033/2 333101.08.2023 ДТ: 10131010/171023/33471,8508110000,4823.80036,4378.80039
10131010_160323_3092357.pdf,В.63919/2307.02.2023 с 07.02.2023 по 06.02.20282013/0 3168292015.02.20233011/0 1061540706.10.20223031/0 22101710/3292/0000/2/119.10.20224021/3 2022FD122605.01.20239013/0 39857504/200223/003454020.02.20239022/0 TUK215M116.03.20239022/0 TUK215M416.03.20239022/0 TUK217E116.03.20239022/0 TUK217E216.03.20239022/0 TUK217H116.03.20239023/0 Б/Н 16.02.20239023/3 1-МТ 17.03.20239023/3 ЮЭ9965-23-3266169417.03.20239034/2 112724.01.2020 ДТ: 10013160/250522/326498641Дополнит.единицы 1002.00/ШТ/79642Цена товара 465180.10 С,8516797000,1127.25036,836.67039
10131010_160623_3216372.pdf,"7356 счета: 1350480.4001000 CNY 25Вид 26Вид 27Место погрузки/разгрузки 28Финансовые и банковские сведения транспорта транспорта 20 на границе 20 внутри страны 29Орган въезда/выезда 30Местонахождение товаров 10718020 Т/П ЖДПП НАУШКИ 11 , 10106050, 143345, РОССИЯ, КАЛУЖСКАЯ ОБЛ., 1 БОРОВСКИЙ Р-Н, С. ВОРСИНО, СЕВЕРНАЯ ПРОМЗОНА, ВЛД. 6 , св-во: 10106/100913/10053/9 А 10131010/160623/32163721ДЕКЛАРАЦИЯ ИМ 40 ЭД 12Отправитель/Экспортер WUXI LITTLE SWAN ELECTRIC CO., LTD. КИТАЙ, JIANGSU, WUXI, NO. 18 SOUTH CHANGJIANG RD ИМ ЭД 3Формы 11 4Отгр. спец. 5Всего т-ов 16Всего мест 10047Справочный номер 8Получатель СМ. ГРАФУ 14 ДТ 9Лицо, ответственное за финансовое урегулирование СМ. ГРАФУ 14 ДТ 10Стр.перв.назнач/ посл.отп. 11Торг.страна CN 12Общая таможенная стоимость 15848697.781314Декларант ООО МАРКЕТ.ТРЕЙД 9705171890 / 770401001121099, РОССИЯ, РФ, Г. МОСКВА, НОВИНСКИЙ Б-Р, Д. 8 122770033949215Страна отправления КИТАЙ",8450119000,59707.88036,59707.88039
10131010_160623_3216374.pdf,"7356 счета: 1147672.4001000 CNY 25Вид 26Вид 27Место погрузки/разгрузки 28Финансовые и банковские сведения транспорта транспорта 20 на границе 20 внутри страны 29Орган въезда/выезда 30Местонахождение товаров 10718020 Т/П ЖДПП НАУШКИ 11 , 10106050, 143345, РОССИЯ, КАЛУЖСКАЯ ОБЛ., 1 БОРОВСКИЙ Р-Н, С. ВОРСИНО, СЕВЕРНАЯ ПРОМЗОНА, ВЛД. 6 , св-во: 10106/100913/10053/9 А 10131010/160623/32163741ДЕКЛАРАЦИЯ ИМ 40 ЭД 12Отправитель/Экспортер WUXI LITTLE SWAN ELECTRIC CO., LTD. КИТАЙ, JIANGSU, WUXI, NO. 18 SOUTH CHANGJIANG RD ИМ ЭД 3Формы 11 4Отгр. спец. 5Всего т-ов 16Всего мест 10047Справочный номер 8Получатель СМ. ГРАФУ 14 ДТ 9Лицо, ответственное за финансовое урегулирование СМ. ГРАФУ 14 ДТ 10Стр.перв.назнач/ посл.отп. 11Торг.страна CN 12Общая таможенная стоимость 13468624.221314Декларант ООО МАРКЕТ.ТРЕЙД 9705171890 / 770401001121099, РОССИЯ, РФ, Г. МОСКВА, НОВИНСКИЙ Б-Р, Д. 8 122770033949215Страна отправления КИТАЙ",8450111100,54406.76036,54406.76039
10131010_171023_3347135.pdf,09.2023 с 01.09.2023 по 31.08.20282013/0 3277948829.09.20233011/0 1077198611.07.20233031/0 23070018/2307/0000/9/117.07.20234021/0 230913S 13.09.20234031/0 SM884-I01-R5-S 06.10.20234033/0 333101.08.20239013/0 39857507/031023/028565303.10.20239023/0 ЕАЭС RU С-CN.МЕ68.В.00488/2301.09.20239023/0 230913S 13.09.20239023/0 Б/Н 17.10.20239023/0 БН 17.10.20239034/2 112724.01.2020 ДТ: 10013160/250522/326498641Дополнит.единицы 265.00/ШТ/79642Цена товара 4343531.16 С,8430200000,14575.00036,14575.00039
10131010_180923_3316271.pdf,2022 с 30.11.2022 по 29.11.20271402/0 ЕАЭС N RU Д-CH.РА08.В.76631/2202.12.2022 с 02.12.2022 по 01.12.20272013/0 3263997731.08.20232013/0 3263997831.08.20232013/0 3263997931.08.20232013/0 3263998031.08.20232013/0 3263998131.08.20232013/0 3263998231.08.20232013/0 3263998431.08.20232013/0 3263998531.08.20232013/0 3263998631.08.20232013/0 3263998731.08.20233011/2 1063797728.10.2022 ДТ: 10702070/220223/30789533031/0 22111612/3292/0000/2/115.11.20224021/0 MDXWZBOW2315385-1012.08.20234021/0 MDXWZBOW2315385-1112.08.20234021/0 MDXWZBOW2315385-1212.08.20234021/0 MDXWZBOW2315385-1312.08.20234021/0 MDXWZBOW2315385-1412.08.20234021/0 MDXWZBOW2315385-112.08.20234021/0 MDXWZBOW2315385-212.08.20234021/0 MDXWZBOW2315385-312.08.20234021/0 MDXWZBOW2315385-412.08.20234021/0 MDXWZBOW2315385-512.08.20234021/0 MDXWZBOW2315385-612.08.20234021/0 MDXWZBOW2315385-712.08.20234021/0 MDXWZBOW2315385-812.08.20234021/0 MDXWZBOW2315385-912.08.20239013/0 10719100/040923/503597404.09.20239013/0 10719100/040923/503597904.09.20239013/0 10719100/040923/503598904.09.20239013/0 10719100/040923/503599004.09.20239013/0 10719100/040923/503599504.09.20239013/0 10719100/040923/503599704.09.20239013/0 10719100/040923/503600004.09.20239013/0 10719100/040923/503601104.09.20239013/0 10719100/040923/503601204.09.20239013/0 10719100/040923/503602204.09.20239022/0 WFS64HW122.02.20239023/0 БН 18.09.20239023/0 БН 18.09.20239023/0 БН 18.09.20239023/0 БН 18.09.20239023/0 БН 18.09.20239023/0 БН 18.09.20239023/0 БН 18.09.20239023/0 БН 18.09.20239023/0 БН 18.09.20239023/0 БН 18.09.20239034/2 112724.01.2020 ДТ: 10013160/250522/326498641Дополнит.единицы 2510.00/ШТ/79642Цена товара 42999199.00 С,8450119000,136619.30036,130946.70039
10131010_190723_5009154.pdf,2022 с 30.11.2022 по 29.11.20271402/0 ЕАЭС N RU Д-CH.РА08.В.76631/2202.12.2022 с 02.12.2022 по 01.12.20272013/0 3229686524.06.20232013/0 3229686624.06.20232013/0 3229686724.06.20233011/2 1063797728.10.2022 ДТ: 10702070/220223/30789533031/0 22111612/3292/0000/2/115.11.20224021/0 MDXWZBOW2311062-116.06.20234021/0 MDXWZBOW2311062-216.06.20234021/0 MDXWZBOW2311062-316.06.20239013/0 10718020/290623/004607129.06.20239013/0 10718020/290623/004607229.06.20239013/0 10718020/290623/004607729.06.20239022/2 Б/Н 22.02.2023 ДТ: 10702070/220223/30789539023/0 93729211.04.20239023/0 21204313.06.20239034/2 112724.01.2020 ДТ: 10013160/250522/326498641Дополнит.единицы 753.00/ШТ/79642Цена товара 4899518.74 С,8450119000,41046.03036,41046.03039
10131010_201223_3415620.pdf,"00 ШТ 51.00 ШТ )251 NE-251, .1 CT, ) 1 CN: SORU4014900, 5) 251.00 ШТ",8450119000,14911.91036,14911.91039
10131010_210323_3097718.pdf,"2057 счета: 1165557.5701000 CNY 25Вид 26Вид 27Место погрузки/разгрузки 28Финансовые и банковские сведения транспорта транспорта 20 на границе 20 внутри страны 29Орган въезда/выезда 30Местонахождение товаров 10719100 Т/П ЖДПП ЗАБАЙКАЛЬСК 11 , 10106050, 249020, РОССИЯ, КАЛУЖСКАЯ ОБЛ., 1 БОРОВСКИЙ Р-Н, С. ВОРСИНО, СЕВЕРНАЯ ПРОМЗОНА, ВЛД. 6 , св-во: 10106/100913/10053/9 А 10131010/210323/30977181ДЕКЛАРАЦИЯ ИМ 40 ЭД 12Отправитель/Экспортер GUANGDONG MIDEA KITCHEN APPLIANCES MANUFACTURING CO.,LTD КИТАЙ, GUANGDONG, NO. 6, YONG AN ROAD,BEIJIAO,SHUNDE,FOSHAN ИМ ЭД 3Формы 13 4Отгр. спец. 5Всего т-ов 56Всего мест 37997Справочный номер 8Получатель СМ. ГРАФУ 14 ДТ 9Лицо, ответственное за финансовое урегулирование СМ. ГРАФУ 14 ДТ 10Стр.перв.назнач/ посл.отп. 11Торг.страна CN 12Общая таможенная стоимость 13060888.461314Декларант ООО МАРКЕТ.ТРЕЙД 9705171890 / 770401001121099, РОССИЯ, РФ, Г. МОСКВА, НОВИНСКИЙ Б-Р, Д. 8 122770033949215Страна отправления КИТАЙ",8516500000,6762.00036,6762.00039
10131010_230123_3022925.pdf,20234033/0 1064182921.10.20224113/0 07-5-242-17632/202221.11.20229013/0 10703164/100123/500002110.01.20239023/0 1064182921.10.20229023/0 35/4511.01.20239034/2 112724.01.2020 ДТ: 10013160/250522/326498641Дополнит.единицы 1624.00/ШТ/79642Цена товара 432749.20 С,9603909100,1319.76036,1256.40039
10131010_231023_3353441.pdf,"0914Декларант О 12 О 19 О 07 90 9 М 5 , 1 А Р 7 Р О 1 К 8 С Е 9 С 0 Т И . Т / Я 7 Р , 7 Е Р 0 Й Ф 4 Д 0 , 1 Г 0 . 0 М 1 ОСКВА, НОВИНСКИЙ Б-Р, Д. 81 К 5 И С Т т А р Й ана отправления",8467221000,487.00036,437.00039
10131010_231023_3353691.pdf,05.20233012/0 ПРИЛ.131.05.20233031/0 23060010/2307/0000/9/114.06.20234021/0 23043018.07.20234031/0 RN23101017710.10.20234033/2 1060087608.08.2022 ДТ: 10317120/161222/31643214999/0 123.10.20237011/0 117-ФЗ (ПП.2 П.2 СТ.164) 05.08.200050107011/0 90831.12.200450109013/0 10719100/081023/504777608.10.20239020/0 БН 23.10.20239023/0 Б/Н 23.10.20239034/2 112724.01.2020 ДТ: 10013160/250522/326498641Дополнит.единицы 396.00/ШТ/79642Цена товара 420216.16 С,9503004100,206.80036,179.90039
10131010_231023_3353696.pdf,07.2023 с 31.07.2023 по 30.07.20281402/0 ЕАЭС N RU Д-CN.РА06.В.04199/2301.08.2023 с 01.08.2023 по 31.07.20282013/0 3280677205.10.20233011/2 1074523025.05.2023 ДТ: 10702070/091023/34142473031/0 23060004/2307/0000/9/108.06.20234021/0 RUMT2301-225.08.20234031/0 RN23101017710.10.20234033/2 1060087608.08.2022 ДТ: 10317120/161222/31643214999/0 123.10.20237011/0 117-ФЗ (ПП.2 П.2 СТ.164) 05.08.200050107011/0 90831.12.200450109013/0 10719100/081023/504777608.10.20239034/2 112724.01.2020 ДТ: 10013160/250522/326498641Дополнит.единицы 42Цена товара 46561.00 С,9503002100,175.00036,155.00039
10131010_231223_5053780.pdf,"7001000 CNY 25Вид 26Вид 27Место погрузки/разгрузки 28Финансовые и банковские сведения транспорта транспорта 20 на границе 20 внутри страны 29Орган въезда/выезда 30Местонахождение товаров 10719100 Т/П ЖДПП ЗАБАЙКАЛЬСК 11, 10106050, 249020, РОССИЯ, КАЛУЖСКАЯ ОБЛ., 1 БОРОВСКИЙ Р-Н, С. ВОРСИНО, СЕВЕРНАЯ ПРОМЗОНА, ВЛД. 6 , св-во: 10106/100913/10053/9 А 10131010/231223/50537801ДЕКЛАРАЦИЯ ИМ 40 ЭД 12Отправитель/Экспортер WUXI LITTLE SWAN ELECTRIC CO., LTD. КИТАЙ, JIANGSU, WUXI, NO. 18 SOUTH CHANGJIANG RD ИМ ЭД 3Формы 11 4Отгр. спец. 5Всего т-ов 16Всего мест 2517Справочный номер 8Получатель СМ. ГРАФУ 14 ДТ 9Лицо, ответственное за финансовое урегулирование СМ. ГРАФУ 14 ДТ 10Стр.перв.назнач/ посл.отп. 11Торг.страна CN 12Общая таможенная стоимость 3410826.621314Декларант ООО МАРКЕТ.ТРЕЙД 9705171890 / 770401001121099, РОССИЯ, РФ, Г. МОСКВА, НОВИНСКИЙ Б-Р, Д. 8 122770033949215Страна отправления КИТАЙ",8450111100,13679.50036,13679.50039
10131010_260723_3262969.pdf,"00 ШТ 51.00 ШТ )251 CT-251, ) 1 CN: TCLU8737224, 5) 251.00 ШТ",8450119000,13682.01036,13682.01039
10702070030823_3317232.pdf,"6001000 CNY 25Вид 26Вид 27Место погрузки/разгрузки 28Финансовые и банковские сведения транспорта транспорта 10 на границе внутри страны 29Орган въезда/выезда 30Местонахождение товаров 10702020 Т/П ПЕРВОМАЙСКИЙ 99 , 10702020, 690065, РОССИЯ, ПРИМОРСКИЙ КРАЙ, 1 Г. ВЛАДИВОСТОК, УЛ. БЕРЕЗОВАЯ, Д. 25 , N 10702000/090123/00004/2 от 09.01.2023 , А 10702070/030823/33172321ДЕКЛАРАЦИЯ ИМ 40 ЭД 12Отправитель/Экспортер JIANGSU HAPPY BABY SAFETY SEAT CO.,LTD. КИТАЙ, HONGQIAO TOWN TAIXING, FENGZHU VILLAGE ИМ ЭД 3Формы 11 4Отгр. спец. 5Всего т-ов 16Всего мест 1907Справочный номер 8Получатель СМ. ГРАФУ 14 ДТ 9Лицо, ответственное за финансовое урегулирование СМ. ГРАФУ 14 ДТ 10Стр.перв.назнач/ посл.отп. 11Торг.страна CN 12Общая таможенная стоимость 1031314.861314Декларант ООО МАРКЕТ.ТРЕЙД 9705171890 / 770401001121099, РОССИЯ, РФ, Г. МОСКВА, НОВИНСКИЙ Б-Р, Д. 8 122770033949215Страна отправления КИТАЙ",9401800001,2546.00036,2204.00039
10702070_010923_3359538.pdf,08.2022 ДТ: 10702070/070922/32941549034/2 112724.01.2020 ДТ: 10013160/250522/326498641Дополнит.единицы 1235.00/ШТ/79642Цена товара 4205219.95 С,8467292000,3507.40036,3260.40039
10702070_011023_3402801.pdf,"02 Коло 216.00 ШТ ИГРУШКА МЯГКАЯ НАБИВНАЯ МЭДЖИК КОНЬ ДЛЯ ДЕТЕЙ СТАРШЕ ТРЕХ ЛЕТ. СОСТАВ 100 ПОЛИЭ ТЕР Производитель NINGBO AKK BABY PRODUCTS CO.,LTD Тов.знак JUNION Артикул AK230502 Кол-в 768.00 ШТ ИГРУШКА МЯГКАЯ НАБИВНАЯ ТАКС ПАКС ДЛЯ ДЕТЕЙ СТАРШЕ ТРЕХ ЛЕТ. СОСТАВ 100 ПОЛИЭСТЕ Производитель NINGBO AKK BABY PRODUCTS CO.,LTD Тов.знак JUNION Артикул AK230503-2 Кол-во 816.00 ШТ ИГРУШКА МЯГКАЯ НАБИВНАЯ АКУЛЁНОК ШАРКИ ДЛЯ ДЕТЕЙ СТАРШЕ ТРЕХ ЛЕТ. СОСТАВ 100 ПО ИЭСТЕР Производитель NINGBO AKK BABY PRODUCTS CO.,LTD Тов.знак JUNION Артикул AK230504 ол-во 768.00 ШТ ИГРУШКА МЯГКАЯ НАБИВНАЯ КРОЛИК ПУХЛЯ ДЛЯ ДЕТЕЙ СТАРШЕ ТРЕХ ЛЕТ. СОСТАВ 100 ПОЛИ СТЕР Производитель NINGBO AKK BABY PRODUCTS CO.,LTD Тов.знак JUNION Артикул AK230505 Кол во 768.00 ШТ ИГРУШКА МЯГКАЯ НАБИВНАЯ ЁЖИК ЖУЖЖА ДЛЯ ДЕТЕЙ СТАРШЕ ТРЕХ ЛЕТ. СОСТАВ 100 ПОЛИЭ ТЕР Производитель NINGBO AKK BABY PRODUCTS CO.,LTD Тов.знак JUNION Артикул AK230506-01 Ко -во 768.00 ШТ ИГРУШКА МЯГКАЯ НАБИВНАЯ МЕДВЕДЬ МО ДЛЯ ДЕТЕЙ СТАРШЕ ТРЕХ ЛЕТ. СОСТАВ 100 ПОЛИЭС ЕР Производитель NINGBO AKK BABY PRODUCTS CO.,LTD Тов.знак JUNION Артикул AKK230507 Кол-в 768.00 ШТ ИГРУШКА МЯГКАЯ НАБИВНАЯ ЛЕНИВЕЦ ЛАППИ ДЛЯ ДЕТЕЙ СТАРШЕ ТРЕХ ЛЕТ. СОСТАВ 100 ПОЛ ЭСТЕР Производитель NINGBO AKK BABY PRODUCTS CO.,LTD Тов.знак JUNION Артикул AK230509 Ко -во 768.00 ШТ ИГРУШКА МЯГКАЯ НАБИВНАЯ ЛЕНИВЕЦ ЛОЛЛА ДЛЯ ДЕТЕЙ СТАРШЕ ТРЕХ ЛЕТ. СОСТАВ 100 ПОЛ ЭСТЕР Производитель NINGBO AKK BABY PRODUCTS CO.,LTD Тов.знак JUNION Артикул AK230510-2 ол-во 780.00 ШТ ИГРУШКА МЯГКАЯ НАБИВНАЯ ДРАКОН БАО ДЛЯ ДЕТЕЙ СТАРШЕ ТРЕХ ЛЕТ. СОСТАВ 100 ПОЛИЭС ЕР Производитель NINGBO AKK BABY PRODUCTS CO.,LTD Тов.знак JUNION Артикул 23HK0102-A Коло 3000.00 ШТ ИГРУШКА МЯГКАЯ НАБИВНАЯ ПЁС ЙЕТТИ ДЛЯ ДЕТЕЙ СТАРШЕ ТРЕХ ЛЕТ. СОСТАВ 100 ПОЛИЭСТ Р Производитель NINGBO AKK BABY PRODUCTS CO.,LTD Тов.знак JUNION Артикул AK230501-02 Коло 552.00 ШТ 972.00 ШТ )881 CT-881, .1 PK, ) 2 CN: FITU5498626,FITU5498729,",9503004100,5299.05036,4139.39039
10702070_011023_3402943.pdf,"5, 2, 3, 4, 5, 5.5, 6 ММ;ОТВЕРТКИ ПРЕЦИЗ ОННЫЕ: КРЕСТОВАЯ 3ММ, ПЛОСКАЯ 3ММ;ПЛОСКОГУБЦЫ УНИВЕРСАЛЬНЫЕ 6 ДЮЙМОВ;ОТВЕРТК МАГНИТНАЯ ДЛЯ БИТ 1/4;КОННЕКТОР ДЛЯ БИТ 1/4;МОЛОТОК СТОЛЯРНЫЙ;БИТЫ ПЛОСКИЕ 1/4: 3, ,5,6,7ММ;БИТЫ КВАДРАТ 1/4: S1, S2, S3;БИТЫ КРЕСТОВЫЕ 1/4: PH0,PH1,PH2,PH3, PZ1, PZ2;БИТЫ TO X: Т10, Т15, Т20, Т25, Т30;ПЕРЕХОДНИК ШЕСТИГРАННЫЙ;РУЛЕТКА 3М;КРЕПЕЖ ПО ДЕРЕВУ В АССО ТИМЕНТЕ; Производитель NINGBO ANMU E-COMMERCE CO., LTD. Тов.знак BOXBOT Артикул UN-49 К л-во 756.00 ШТ НАБОР ИНСТРУМЕНТОВ УНИВЕРСАЛЬНЫЙ В СОСТАВЕ: КЛЮЧИ ШЕСТИГРАННЫЕ МЕТРИЧЕСКИЕ: .5, 2, 3, 4, 5, 5.5, 6 ММ;КЛЮЧИ ШЕСТИГРАННЫЕ ДЮЙМОВЫЕ: 1/16, 5/64, 3/32, 1/8, 5/32, 3/16, 7/32, 1/44 ТВЕРТКИ ПРЕЦИЗИОННЫЕ КРЕСТОВЫЕ: 2,4ММ, 3ММ;ОТВЕРТКИ ПРЕЦИЗИОННЫЕ ПЛОСКИЕ: 2,4М , 3ММ;ОТВЕРТКА ПЛОСКАЯ 6ММ;ОТВЕРТКА КРЕСТОВАЯ 6ММ;ОТВЕРТКА МАГНИТНАЯ ДЛЯ БИТ 1/4; ОЖ СО СМЕННЫМИ ЛЕЗВИЯМИ;КЛЮЧ-ТРЕЩОТКА ДЛЯ ГОЛОВОК 1/4;ЛЕНТА ПВХ ИЗОЛЯЦИОННАЯ; АССАТИЖИ УНИВЕРСАЛЬНЫЕ 6 ДЮЙМОВ;БИТЫ ПЛОСКИЕ 1/4: 3,4,5,6,7ММ;БИТЫ КВАДРАТ 1 /4: S1, 2, S3;БИТЫ КРЕСТОВЫЕ 1/4: PH0,PH1,PH2,PH3, PZ1, PZ2;БИТЫ TORX 1/4: Т10, Т15, Т20, Т25, Т30;ПЕ ЕХОДНИК ШЕСТИГРАННЫЙ;КОННЕКТОР ДЛЯ БИТ 1/4;МОЛОТОК СТОЛЯРНЫЙ;КЛЮЧ РАЗВОДНОЙ;Р ЛЕТКА 3М;ГОЛОВКИ ТОРЦЕВЫЕ МЕТРИЧЕСКИЕ 1/4: 5ММ ,6 ММ, 7 ММ, 8 ММ, 9 ММ, 10 ММ, 11 ММ, 12 М, 13 ММ;КРЕПЕЖ ПО ДЕРЕВУ В АССОРТИМЕНТЕ; Производитель NINGBO ANMU E-COMMERCE C ., LTD. Тов.знак BOXBOT Артикул UN-120 Кол-во 800.00 ШТ НАБОР ИНСТРУМЕНТОВ УНИВЕРСАЛЬНЫЙ В СОСТАВЕ: КЛЮЧИ ШЕСТИГРАННЫЕ МЕТРИЧЕСКИЕ: .5, 2, 3, 4, 5, 5.5, 6 ММ;КЛЮЧИ ШЕСТИГРАННЫЕ ДЮЙМОВЫЕ: 1/16, 5/64, 3/32, 1/8, 5/32, 3/16, 7/32, 1/4; ТВЕРТКИ ПРЕЦИЗИОННЫЕ КРЕСТОВЫЕ: 2, 2,4ММ, 3ММ;ОТВЕРТКИ ПРЕЦИЗИОННЫЕ ПЛОСКИЕ: 2, ,4ММ, 3ММ;КЛЮЧИ ГАЕЧНЫЕ КОМБИНИРОВАННЫЕ: 10, 12, 13, 14, 15, 17, 19 ММОТВЕРТКА МАГНИТН Я ДЛЯ БИТ 1/4;НОЖ СО СМЕННЫМИ ЛЕЗВИЯМИ;ДЛИННОГУБЦЫ;БИТЫ ПЛОСКИЕ 1/4: 3,4,5,6,7ММ;Б ТЫ КВАДРАТ 1/4: S1, S2, S3;БИТЫ КРЕСТОВЫЕ 1/4: PH0,PH1,PH2,PH3, PZ1 , PZ2;БИТЫ TORX 1/4: Т1 , Т15, Т20, Т25, Т30;ПЕРЕХОДНИК ШЕСТИГРАННЫЙ;УДЛИНИТЕЛЬ ДЛЯ ГОЛОВОК 1/4;МОЛОТОК СТОЛ РНЫЙ;КЛЮЧ РАЗВОДНОЙ;КЛЮЧ-ТРЕЩОТКА ДЛЯ ГОЛОВОК 3/8;УДЛИНИТЕЛЬ ДЛЯ ГОЛОВОК 3/8;РУЛ ТКА 3М;ПЕРЕХОДНИК С 3/8 НА 1/4;ГОЛОВКИ E-TORX ЗВЗЕДОЧКА 12 ЗУБОВ: Е8, Е10, Е12;ГОЛОВКИ Т РЦЕВЫЕ МЕТРИЧЕСКИЕ 1/4: 4, 4,5, 5,5, 6, 7, 8, 9, 10, 11, 12, 13 ММ;ГОЛОВКИ ТОРЦЕВЫЕ ДЮЙМОВЫ 1/4: 5/32 ,3/16 ,7/32 ,1/4 ,9/32 ,5/16 ,11/32 ,3/8 ,7/16 ,1/2 ;ГОЛОВКИ ТОРЦЕВЫЕ МЕТРИЧЕСКИЕ 3/8: 10, 2, 14, 17, 19, 21ММ; ГОЛОВКИ ТОРЦЕВЫЕ ДЮЙМОВЫЕ 3/8: 3/4 ,11/16 ,5/8 ,9/16 ,1/2 ,7/16 ,3/8 ,11/32 ,5/ 6 ;КРЕПЕЖ ПО ДЕРЕВУ В АССОРТИМЕНТЕ; Производитель NINGBO ANMU E-COMMERCE CO., LTD. ов.знак BOXBOT Артикул UN-148 Кол-во 900.00 ШТ НАБОР ИНСТРУМЕНТОВ УНИВЕРСАЛЬНЫЙ В СОСТАВЕ: РУЛЕТКА 3М;ЛЕНТА ПВХ ИЗОЛЯЦИОННАЯ; ТВЕРТКИ ПРЕЦИЗИОННЫЕ КРЕСТОВЫЕ: 2,5ММ, 3ММ;ОТВЕРТКИ ПРЕЦИЗИОННЫЕ ПЛОСКИЕ: 2,5М , 3ММ;ОТВЕРТКА КОРОТКАЯ КРЕСТОВАЯ 6ММ;ОТВЕРТКА КОРОТКА ПЛОСКАЯ 6ММ;ОТВЕРТКА ПЛО КАЯ 6ММ; ОТВЕРТКА КРЕСТОВАЯ 6ММ;ОТВЕРТКА С ТРЕЩОТКОЙ ДЛЯ БИТ 1/4;НОЖНИЦЫ 8 ДЮЙМ В;ПРИБОР ДЛЯ ЗАЧИСТКИ ПРОВОДОВ;ПАССАТИЖИ УНИВЕРСАЛЬНЫЕ;ПАССАТИЖИ ПЕРЕСТАВНЫ ;КЛЮЧ РАЗВОДНОЙ;ДЛИННОГУБЦЫ;НОЖ СО СМЕННЫМИ ЛЕЗВИЯМИ;КОМПЛЕКТ СМЕННЫХ ЛЕЗВИ ;НОЖОВКА;НОЖОВОЧНОЕ ПОЛОТНО ;КАБЕЛЬНЫЕ СТЯЖКИ;МОЛОТОК СТОЛЯРНЫЙ;ПУЗЫРЬКОВЫ УРОВЕНЬ;ЛИНЕЙКА НЕРЖАВЕЮЩАЯ 30СМ;СТРУБЦИНЫ ПЛАСТИКОВЫЕ ПРУЖИННЫЕ;КЛЮЧ-ТРЕ ОТКА ДЛЯ ГОЛОВОК 3/8;ГОЛОВКИ ТОРЦЕВЫЕ МЕТРИЧЕСКИЕ 1/4: 4, 4,5, 5,5, 6, 7, 8, 9, 10, 11, 12, 13 М;ГОЛОВКИ ТОРЦЕВЫЕ МЕТРИЧЕСКИЕ 3 /8: 10, 11, 12, 13, 14, 15, 16, 17, 18, 19ММ;УДЛИНИТЕЛЬ ДЛ ГОЛОВОК 3/8;ПЕРЕХОДНИК С 3/8 НА 1/4;КЛЮЧИ ГАЕЧНЫЕ КОМБИНИРОВАННЫЕ: 8, 10, 12, 14, 15М БИТЫ ПЛОСКИЕ 1/4: 3,4,5,6,7ММ;БИТЫ КВАДРАТ 1/4: S1, S2, S3;БИТЫ КРЕСТОВЫЕ 1/4: PH0,PH1,PH ,PH3,PZ0, PZ1, PZ2, PZ3;БИТЫ TORX: Т8, Т10, Т15, Т20, Т25, Т30, Т35, Т40;БИТЫ ШЕСТИГРАННЫЕ HE 1/4: H2.5, H3, H4, H5, H6;ПЕРЕХОДНИКИ ПОД ГОЛОВКИ: AD, ADP;КОННЕКТОР ДЛЯ БИТ 1/4;КЛЮЧИ Ш СТИГРАННЫЕ МЕТРИЧЕСКИЕ: 1.5, 2, 2.5, 3, 4, 5, 5.5, 6, 8, 10 ММ ГОЛОВКА ТОРЦЕВАЯ ДЛЯ СВЕЧЕЙ АЖИГАНИЯ 16ММ;УДЛИНИТЕЛЬ ДЛЯ ГОЛОВОК 1/4;КРЕПЕЖ ПО ДЕРЕВУ В АССОРТИМЕНТЕ; Произ одитель NINGBO ANMU E-COMMERCE CO., LTD. Тов.знак BOXBOT Артикул UN-210 Кол-во 762.00 ШТ 796) НАБОР ОТВЕРТОК В СОСТАВЕ: ОТВЕРТКИ ПЛОСКИЕ: 3Х75ММ, 5Х75ММ, 6Х38ММ, 6Х100М, 8Х125ММ ТВЕРТКИ КРЕСТОВЫЕ: PH0X75ММ, PH1Х75ММ, PH2Х38ММ, PH2X100ММ, PH3Х125ММОТВЕРТКИ ПР ЦИЗИОННЫЕ КРЕСТОВЫЕ: PH0, PH00, PH000;ОТВЕРТКИ ПРЕЦИЗИОННЫЕ ПЛОСКИЕ: 2.0, 2,4ММ, 3 М ;ОТВЕРТКИ ПРЕЦИЗИОННЫЕ TORX: T6, T8, T9, T10;БИТЫ ПЛОСКИЕ 1/4: 3,4,5,6,7ММ;БИТЫ КВАДР Т 1/4: S1, S2, S3;БИТЫ КРЕСТОВЫЕ 1/4: PH0,PH1,PH2,PH3, PZ0, PZ1, PZ2, PZ3;БИТЫ TORX: Т10, Т15, 20, Т25, Т30;ПЕРЕХОДНИКИ ПОД ГОЛОВКИ: AD, ADP;КЛЮЧИ ШЕСТИГРАННЫЕ МЕТРИЧЕСКИЕ: 1.5, 2, .5, 3, 4, 5, 5.5, 6ММ;КЛЮЧИ ШЕСТИГРАННЫЕ ДЮЙМОВЫЕ: 1/16, 5/64, 3/32, 1/8, 5/32, 3/16, 7/32, 1/4;ОТ ЕРТКА МАГНИТНАЯ ДЛЯ БИТ 1/4;НАМАГНИЧИВАТЕЛЬ/РАЗМАГНИЧИВАТЕЛЬ; Производитель NINGB ANMU E-COMMERCE CO., LTD. Тов.знак BOXBOT Артикул SD-79 Кол-во 380.00 ШТ НАБОР ИНСТРУМЕНТОВ В СОСТАВЕ: ГОЛОВКИ ТОРЦЕВЫЕ МЕТРИЧЕСКИЕ 1/4: 4, 4,5, 5, 5,5, 6, 7, 8, , 10, 11, 12, 13, 14ММ;ГОЛОВКИ 1/4 С БИТАМИ:- ПЛОСКИЕ:4, 5.5, 7ММ- КРЕСТОВЫЕ: PH1, PH2, PH3, P 1, PZ2, PZ3;- TORX: T10, T15, T20, T25, T30, T40;- ШЕСТИГРАННЫЕ: 3, 4, 5, 6, 7, 8ММПЕРЕХОДНИК ПО ГОЛОВКИ 1/4;КЛЮЧИ ШЕСТИГРАННЫЕ МЕТРИЧЕСКИЕ: 1.5, 2, 2.5ММ;ШАРНИРНЫЙ КАРДАН 1/4;УДЛ НИТЕЛЬ 1/4, 5СМ;УДЛИНИТЕЛЬ 1/4, 10СМ;ГИБКИЙ УДЛИНИТЕЛЬ 1/4;УДЛИНИТЕЛЬ 1/4 С ВОРОТКОМ; УЧКА-УДЛИНИТЕЛЬ ДЛЯ ГОЛОВОК 1/;КЛЮЧ С ТРЕЩОТКОЙ ДЛЯ ГОЛОВОК 1/4; Производитель NING O ANMU E-COMMERCE CO., LTD. Тов.знак BOXBOT Артикул WR-46 Кол-во 3500.00 ШТ",8206000000,22683.40036,21568.40039
10702070_020123_3000539.pdf,"1-ДЕТСКИЕ СИДЕНЬЯ (КРЕСЛА) БЕЗОПАСНОСТИ С 1 ПЛАСТМАССОВЫМ КАРКАСОМ, УСТАНАВЛИВАЕМЫЕ ИЛИ ПРИКРЕПЛЯЕМЫЕ К СИДЕНЬЯМ ТРАНСПОРТНЫХ СРЕДСТВ. НЕ СОДЕРЖАТ ЭЛЕКТРОННЫХ И ЭЛЕКТРИЧЕСКИХ ЭЛЕМЕНТОВ : СМ.ДОПОЛНЕНИЕ ПРОИЗВ.: NINGBO SAFETECH CHILD PRODUCTS CO.,LTD., LTD, КИТАЙ (ТМ)JUNION 2-650, CT-6503-CN 1: CCLU631673915- 650 ШТ",9705171890,5850.00037,5850.00041
10702070_020123_3000698.pdf,"2022 , А 10702070/020123/30006981ДЕКЛАРАЦИЯ ИМ 40 ЭД 12Отправитель/Экспортер ZHEJIANG HANGBO POWER TOOLS CO.,LTD 1255, КИТАЙ, TAIZHOU, EAST TIYUCHANG ROAD.BANTAN INDUSTRIAL ZONE, JIOAJIANG . ИМ ЭД 3Формы 12 4Отгр. спец. 5Всего т-ов 26Всего мест 4007Справочный номер 8Получатель СМ. ГРАФУ 14 ДТ 9Лицо, ответственное за финансовое урегулирование СМ. ГРАФУ 14 ДТ 10Стр.перв.назнач/ посл.отп. 11Торг.страна CN 12Общая таможенная стоимость 2747288.951314Декларант ООО МАРКЕТ.ТРЕЙД 9705171890 / 770501001115035, РОССИЯ, РФ, Г. МОСКВА, САДОВНИЧЕСКАЯ УЛ, Д. 82 СТР. 2, ПОМЕЩ. 5B18 122770033949215Страна отправления КИТАЙ",8467298509,4000.00036,3700.00039
10702070_020323_3087668.pdf,"2022 , А 10702070/020323/30876681ДЕКЛАРАЦИЯ ИМ 40 ЭД 12Отправитель/Экспортер NINGBO FAMILY BABY PRODUCTS CO., LTD КИТАЙ, NINGBO, 29, PUDI ROAD, XIAPU INDUSTRY ZONE, BEILUN ИМ ЭД 3Формы 11 4Отгр. спец. 5Всего т-ов 16Всего мест 27657Справочный номер 8Получатель СМ. ГРАФУ 14 ДТ 9Лицо, ответственное за финансовое урегулирование СМ. ГРАФУ 14 ДТ 10Стр.перв.назнач/ посл.отп. 11Торг.страна CN 12Общая таможенная стоимость 15593617.293 14Декларант ООО МАРКЕТ.ТРЕЙД 9705171890 / 770501001115035, РОССИЯ, РФ, Г. МОСКВА, САДОВНИЧЕСКАЯ УЛ, Д. 82 СТР. 2, ПОМЕЩ. 5B18 122770033949215Страна отправления КИТАЙ",9503001009,17086.00036,17086.00039
10702070_020323_3087789.pdf,"2022 , А 10702070/020323/30877891ДЕКЛАРАЦИЯ ИМ 40 ЭД 12Отправитель/Экспортер CIXI MINGYOU TRADING CO., LTD КИТАЙ, ZHEJIANG PROVINCE, CIXI CITY, ROOM 408-1,4TH FLOOR, BUILDING 2, NO. 600, NORTH ИМ ЭД 3Формы 11 4Отгр. спец. 5Всего т-ов 16Всего мест 47Справочный номер 8Получатель СМ. ГРАФУ 14 ДТ 9Лицо, ответственное за финансовое урегулирование СМ. ГРАФУ 14 ДТ 10Стр.перв.назнач/ посл.отп. 11Торг.страна CN 12Общая таможенная стоимость 44857.411314Декларант ООО МАРКЕТ.ТРЕЙД 9705171890 / 770501001115035, РОССИЯ, РФ, Г. МОСКВА, САДОВНИЧЕСКАЯ УЛ, Д. 82 СТР. 2, ПОМЕЩ. 5B18 122770033949215Страна отправления КИТАЙ",8467221000,47.40036,43.80039
10702070_020323_3087972.pdf,"00 ШТ 51.00 ШТ )251 CT-251, ) 1 CN: FFAU4955726, 5) 251.00 ШТ",8450119000,14927.00036,14927.00039
10702070_020323_3087987.pdf,"00 ШТ 51.00 ШТ )251 CT-251, ) 1 CN: FFAU4955773, 5) 251.00 ШТ",8450119000,13522.00036,13522.00039
10702070_020323_3088019.pdf,"00 ШТ 51.00 ШТ )251 CT-251, ) 1 CN: FFAU4955834, 5) 251.00 ШТ",8450119000,14870.00036,14870.00039
10702070_020323_3088026.pdf,"00 ШТ 51.00 ШТ )251 CT-251, ) 1 CN: FFAU4955813, 5) 251.00 ШТ",8450119000,14927.00036,14927.00039
10702070_020323_3088032.pdf,"00 ШТ 51.00 ШТ )251 CT-251, ) 1 CN: FFAU4955876, 5) 251.00 ШТ",8450119000,13574.00036,13574.00039
10702070_020323_3088043.pdf,"00 ШТ 51.00 ШТ )251 CT-251, ) 1 CN: FFAU4952769, 5) 251.00 ШТ",8450119000,13574.00036,13574.00039
10702070_020323_3088061.pdf,"00 ШТ 51.00 ШТ )251 CT-251, ) 1 CN: FFAU4955686, 5) 251.00 ШТ",8450119000,14927.00036,14927.00039
10702070_020323_3088441.pdf,"4714Декларант О 11 О 59 О 07 30 5 М 5 , 1 А Р 7 О Р 1 К С 8 Е 9 С 0 Т И . Т / Я 7 Р , 7 Е Р 0 Й Ф 5 Д 0 , 1 Г. 0 М 01 ОСКВА, САДОВНИЧЕСКАЯ УЛ, Д. 82 СТР. 2, ПОМЕЩ. 1 К 5 И С Т т А р Й ана отправления",8467292000,12831.00036,12181.00039
10702070_020923_3360236.pdf,"00 ШТ 01.00 ШТ )267 CT-267, ) 1 CN: FYCU1076677часть,",9503007000,6087.60036,5607.00039
10702070_020923_3360248.pdf,"00 ШТ ДЕТСКИЙ ТРЕХКОЛЕСНЫЙ ВЕЛОСИПЕД, БЕГОВЕЛ-ТРАНСФОРМЕР, БЕЛЫЙ, ВОЗРАСТ 2 , ПОСТАВЛ ЕТСЯ В ЧАСТИЧНО РАЗОБРАННОМ ВИДЕ ДЛЯ УДОБСТВА ТРАНСПОРТИРОВКИ, В КОМПЛЕКТЕ С АК ЕССУАРАМИМИ Производитель GUANGDONG FOREIGN TRADE IMP. EXP.CO. LTD Тов.знак JUNION орг. знак, марка JUNION Модель T300A Артикул T300A Кол-во 501.00 ШТ )834 CT-834, ) 1 CN: FYCU1076677часть,",9503001009,6724.60036,5924.00039
10702070_020923_3360302.pdf,2022 ДТ: 10702070/210223/30777653012/2 ПРИЛ.124.11.2022 ДТ: 10005030/021222/33290873031/0 22120002/3292/0000/2/101.12.20224021/0 ARMYDX202302-112.08.20234031/0 363423.08.20234033/2 1060301611.08.2022 ДТ: 10702070/070922/32941549034/2 112724.01.2020 ДТ: 10013160/250522/32649869999/0 Б/Н 28.08.202341Дополнит.единицы 2000.00/ШТ/79642Цена товара 4520000.00 С,9015301000,4000.00036,3720.00039
10702070_020923_3360306.pdf,08.2022 ДТ: 10702070/070922/32941549022/2 БН 27.01.2023 ДТ: 10702070/270123/30400709034/2 112724.01.2020 ДТ: 10013160/250522/32649869999/0 Б/Н 28.08.202341Дополнит.единицы 380.00/ШТ/79642Цена товара 437449.00 С,8467298509,1588.40036,1406.00039
10702070_020923_3360307.pdf,03.20282011/0 203173280024.08.20232099/0 SUZPVOS2308093B 24.08.20233011/2 1064504725.11.2022 ДТ: 10702070/020323/30884413031/0 22120001/3292/0000/2/101.12.20224021/0 NTC20230505RCN 05.05.20234031/2 363423.08.2023 ДТ: 10702070/020923/33603024033/2 1060301611.08.2022 ДТ: 10702070/070922/32941549034/2 112724.01.2020 ДТ: 10013160/250522/32649869999/2 Б/Н 28.08.2023 ДТ: 10702070/020923/336030241Дополнит.единицы 3000.00/ШТ/79642Цена товара 4204780.00 С,8467292000,4908.00036,4536.00039
10702070_021023_3404777.pdf,"5, 2, 3, 4, 5, 5.5, 6 ММ;ОТВЕРТКИ ПРЕЦИЗ ОННЫЕ: КРЕСТОВАЯ 3ММ, ПЛОСКАЯ 3ММ;ПЛОСКОГУБЦЫ УНИВЕРСАЛЬНЫЕ 6 ДЮЙМОВ;ОТВЕРТК МАГНИТНАЯ ДЛЯ БИТ 1/4;КОННЕКТОР ДЛЯ БИТ 1/4;МОЛОТОК СТОЛЯРНЫЙ;БИТЫ ПЛОСКИЕ 1/4: 3, ,5,6,7ММ;БИТЫ КВАДРАТ 1/4: S1, S2, S3;БИТЫ КРЕСТОВЫЕ 1/4: PH0,PH1,PH2,PH3, PZ1, PZ2;БИТЫ TO X: Т10, Т15, Т20, Т25, Т30;ПЕРЕХОДНИК ШЕСТИГРАННЫЙ;РУЛЕТКА 3М;КРЕПЕЖ ПО ДЕРЕВУ В АССО ТИМЕНТЕ; Производитель NINGBO ANMU E-COMMERCE CO., LTD. Тов.знак BOXBOT Артикул UN-49 К л-во 252.00 ШТ НАБОР ИНСТРУМЕНТОВ УНИВЕРСАЛЬНЫЙ В СОСТАВЕ: КЛЮЧИ ШЕСТИГРАННЫЕ МЕТРИЧЕСКИЕ: .5, 2, 3, 4, 5, 5.5, 6 ММ;КЛЮЧИ ШЕСТИГРАННЫЕ ДЮЙМОВЫЕ: 1/16, 5/64, 3/32, 1/8, 5/32, 3/16, 7/32, 1/44 ТВЕРТКИ ПРЕЦИЗИОННЫЕ КРЕСТОВЫЕ: 2,4ММ, 3ММ;ОТВЕРТКИ ПРЕЦИЗИОННЫЕ ПЛОСКИЕ: 2,4М , 3ММ;ОТВЕРТКА ПЛОСКАЯ 6ММ;ОТВЕРТКА КРЕСТОВАЯ 6ММ;ОТВЕРТКА МАГНИТНАЯ ДЛЯ БИТ 1/4; ОЖ СО СМЕННЫМИ ЛЕЗВИЯМИ;КЛЮЧ-ТРЕЩОТКА ДЛЯ ГОЛОВОК 1/4;ЛЕНТА ПВХ ИЗОЛЯЦИОННАЯ; АССАТИЖИ УНИВЕРСАЛЬНЫЕ 6 ДЮЙМОВ;БИТЫ ПЛОСКИЕ 1/4: 3,4,5,6,7ММ;БИТЫ КВАДРАТ 1 /4: S1, 2, S3;БИТЫ КРЕСТОВЫЕ 1/4: PH0,PH1,PH2,PH3, PZ1, PZ2;БИТЫ TORX 1/4: Т10, Т15, Т20, Т25, Т30;ПЕ ЕХОДНИК ШЕСТИГРАННЫЙ;КОННЕКТОР ДЛЯ БИТ 1/4;МОЛОТОК СТОЛЯРНЫЙ;КЛЮЧ РАЗВОДНОЙ;Р ЛЕТКА 3М;ГОЛОВКИ ТОРЦЕВЫЕ МЕТРИЧЕСКИЕ 1/4: 5ММ ,6 ММ, 7 ММ, 8 ММ, 9 ММ, 10 ММ, 11 ММ, 12 М, 13 ММ;КРЕПЕЖ ПО ДЕРЕВУ В АССОРТИМЕНТЕ; Производитель NINGBO ANMU E-COMMERCE C ., LTD. Тов.знак BOXBOT Артикул UN-120 Кол-во 200.00 ШТ НАБОР ИНСТРУМЕНТОВ УНИВЕРСАЛЬНЫЙ В СОСТАВЕ: КЛЮЧИ ШЕСТИГРАННЫЕ МЕТРИЧЕСКИЕ: .5, 2, 3, 4, 5, 5.5, 6 ММ;КЛЮЧИ ШЕСТИГРАННЫЕ ДЮЙМОВЫЕ: 1/16, 5/64, 3/32, 1/8, 5/32, 3/16, 7/32, 1/4; ТВЕРТКИ ПРЕЦИЗИОННЫЕ КРЕСТОВЫЕ: 2, 2,4ММ, 3ММ;ОТВЕРТКИ ПРЕЦИЗИОННЫЕ ПЛОСКИЕ: 2, ,4ММ, 3ММ;КЛЮЧИ ГАЕЧНЫЕ КОМБИНИРОВАННЫЕ: 10, 12, 13, 14, 15, 17, 19 ММОТВЕРТКА МАГНИТН Я ДЛЯ БИТ 1/4;НОЖ СО СМЕННЫМИ ЛЕЗВИЯМИ;ДЛИННОГУБЦЫ;БИТЫ ПЛОСКИЕ 1/4: 3,4,5,6,7ММ;Б ТЫ КВАДРАТ 1/4: S1, S2, S3;БИТЫ КРЕСТОВЫЕ 1/4: PH0,PH1,PH2,PH3, PZ1 , PZ2;БИТЫ TORX 1/4: Т1 , Т15, Т20, Т25, Т30;ПЕРЕХОДНИК ШЕСТИГРАННЫЙ;УДЛИНИТЕЛЬ ДЛЯ ГОЛОВОК 1/4;МОЛОТОК СТОЛ РНЫЙ;КЛЮЧ РАЗВОДНОЙ;КЛЮЧ-ТРЕЩОТКА ДЛЯ ГОЛОВОК 3/8;УДЛИНИТЕЛЬ ДЛЯ ГОЛОВОК 3/8;РУЛ ТКА 3М;ПЕРЕХОДНИК С 3/8 НА 1/4;ГОЛОВКИ E-TORX ЗВЗЕДОЧКА 12 ЗУБОВ: Е8, Е10, Е12;ГОЛОВКИ Т РЦЕВЫЕ МЕТРИЧЕСКИЕ 1/4: 4, 4,5, 5,5, 6, 7, 8, 9, 10, 11, 12, 13 ММ;ГОЛОВКИ ТОРЦЕВЫЕ ДЮЙМОВЫ 1/4: 5/32 ,3/16 ,7/32 ,1/4 ,9/32 ,5/16 ,11/32 ,3/8 ,7/16 ,1/2 ;ГОЛОВКИ ТОРЦЕВЫЕ МЕТРИЧЕСКИЕ 3/8: 10, 2, 14, 17, 19, 21ММ; ГОЛОВКИ ТОРЦЕВЫЕ ДЮЙМОВЫЕ 3/8: 3/4 ,11/16 ,5/8 ,9/16 ,1/2 ,7/16 ,3/8 ,11/32 ,5/ 6 ;КРЕПЕЖ ПО ДЕРЕВУ В АССОРТИМЕНТЕ; Производитель NINGBO ANMU E-COMMERCE CO., LTD. ов.знак BOXBOT Артикул UN-148 Кол-во 100.00 ШТ НАБОР ИНСТРУМЕНТОВ УНИВЕРСАЛЬНЫЙ В СОСТАВЕ: РУЛЕТКА 3М;ЛЕНТА ПВХ ИЗОЛЯЦИОННАЯ; ТВЕРТКИ ПРЕЦИЗИОННЫЕ КРЕСТОВЫЕ: 2,5ММ, 3ММ;ОТВЕРТКИ ПРЕЦИЗИОННЫЕ ПЛОСКИЕ: 2,5М , 3ММ;ОТВЕРТКА КОРОТКАЯ КРЕСТОВАЯ 6ММ;ОТВЕРТКА КОРОТКА ПЛОСКАЯ 6ММ;ОТВЕРТКА ПЛО КАЯ 6ММ; ОТВЕРТКА КРЕСТОВАЯ 6ММ;ОТВЕРТКА С ТРЕЩОТКОЙ ДЛЯ БИТ 1/4;НОЖНИЦЫ 8 ДЮЙМ В;ПРИБОР ДЛЯ ЗАЧИСТКИ ПРОВОДОВ;ПАССАТИЖИ УНИВЕРСАЛЬНЫЕ;ПАССАТИЖИ ПЕРЕСТАВНЫ ;КЛЮЧ РАЗВОДНОЙ;ДЛИННОГУБЦЫ;НОЖ СО СМЕННЫМИ ЛЕЗВИЯМИ;КОМПЛЕКТ СМЕННЫХ ЛЕЗВИ ;НОЖОВКА;НОЖОВОЧНОЕ ПОЛОТНО ;КАБЕЛЬНЫЕ СТЯЖКИ;МОЛОТОК СТОЛЯРНЫЙ;ПУЗЫРЬКОВЫ УРОВЕНЬ;ЛИНЕЙКА НЕРЖАВЕЮЩАЯ 30СМ;СТРУБЦИНЫ ПЛАСТИКОВЫЕ ПРУЖИННЫЕ;КЛЮЧ-ТРЕ ОТКА ДЛЯ ГОЛОВОК 3/8;ГОЛОВКИ ТОРЦЕВЫЕ МЕТРИЧЕСКИЕ 1/4: 4, 4,5, 5,5, 6, 7, 8, 9, 10, 11, 12, 13 М;ГОЛОВКИ ТОРЦЕВЫЕ МЕТРИЧЕСКИЕ 3 /8: 10, 11, 12, 13, 14, 15, 16, 17, 18, 19ММ;УДЛИНИТЕЛЬ ДЛ ГОЛОВОК 3/8;ПЕРЕХОДНИК С 3/8 НА 1/4;КЛЮЧИ ГАЕЧНЫЕ КОМБИНИРОВАННЫЕ: 8, 10, 12, 14, 15М БИТЫ ПЛОСКИЕ 1/4: 3,4,5,6,7ММ;БИТЫ КВАДРАТ 1/4: S1, S2, S3;БИТЫ КРЕСТОВЫЕ 1/4: PH0,PH1,PH ,PH3,PZ0, PZ1, PZ2, PZ3;БИТЫ TORX: Т8, Т10, Т15, Т20, Т25, Т30, Т35, Т40;БИТЫ ШЕСТИГРАННЫЕ HE 1/4: H2.5, H3, H4, H5, H6;ПЕРЕХОДНИКИ ПОД ГОЛОВКИ: AD, ADP;КОННЕКТОР ДЛЯ БИТ 1/4;КЛЮЧИ Ш СТИГРАННЫЕ МЕТРИЧЕСКИЕ: 1.5, 2, 2.5, 3, 4, 5, 5.5, 6, 8, 10 ММ ГОЛОВКА ТОРЦЕВАЯ ДЛЯ СВЕЧЕЙ АЖИГАНИЯ 16ММ;УДЛИНИТЕЛЬ ДЛЯ ГОЛОВОК 1/4;КРЕПЕЖ ПО ДЕРЕВУ В АССОРТИМЕНТЕ; Произ одитель NINGBO ANMU E-COMMERCE CO., LTD. Тов.знак BOXBOT Артикул UN-210 Кол-во 240.00 ШТ 796) НАБОР ОТВЕРТОК В СОСТАВЕ: ОТВЕРТКИ ПЛОСКИЕ: 3Х75ММ, 5Х75ММ, 6Х38ММ, 6Х100М, 8Х125ММ ТВЕРТКИ КРЕСТОВЫЕ: PH0X75ММ, PH1Х75ММ, PH2Х38ММ, PH2X100ММ, PH3Х125ММОТВЕРТКИ ПР ЦИЗИОННЫЕ КРЕСТОВЫЕ: PH0, PH00, PH000;ОТВЕРТКИ ПРЕЦИЗИОННЫЕ ПЛОСКИЕ: 2.0, 2,4ММ, 3 М ;ОТВЕРТКИ ПРЕЦИЗИОННЫЕ TORX: T6, T8, T9, T10;БИТЫ ПЛОСКИЕ 1/4: 3,4,5,6,7ММ;БИТЫ КВАДР Т 1/4: S1, S2, S3;БИТЫ КРЕСТОВЫЕ 1/4: PH0,PH1,PH2,PH3, PZ0, PZ1, PZ2, PZ3;БИТЫ TORX: Т10, Т15, 20, Т25, Т30;ПЕРЕХОДНИКИ ПОД ГОЛОВКИ: AD, ADP;КЛЮЧИ ШЕСТИГРАННЫЕ МЕТРИЧЕСКИЕ: 1.5, 2, .5, 3, 4, 5, 5.5, 6ММ;КЛЮЧИ ШЕСТИГРАННЫЕ ДЮЙМОВЫЕ: 1/16, 5/64, 3/32, 1/8, 5/32, 3/16, 7/32, 1/4;ОТ ЕРТКА МАГНИТНАЯ ДЛЯ БИТ 1/4;НАМАГНИЧИВАТЕЛЬ/РАЗМАГНИЧИВАТЕЛЬ; Производитель NINGB ANMU E-COMMERCE CO., LTD. Тов.знак BOXBOT Артикул SD-79 Кол-во 120.00 ШТ НАБОР ИНСТРУМЕНТОВ В СОСТАВЕ: ГОЛОВКИ ТОРЦЕВЫЕ МЕТРИЧЕСКИЕ 1/4: 4, 4,5, 5, 5,5, 6, 7, 8, , 10, 11, 12, 13, 14ММ;ГОЛОВКИ 1/4 С БИТАМИ:- ПЛОСКИЕ:4, 5.5, 7ММ- КРЕСТОВЫЕ: PH1, PH2, PH3, P 1, PZ2, PZ3;- TORX: T10, T15, T20, T25, T30, T40;- ШЕСТИГРАННЫЕ: 3, 4, 5, 6, 7, 8ММПЕРЕХОДНИК ПО ГОЛОВКИ 1/4;КЛЮЧИ ШЕСТИГРАННЫЕ МЕТРИЧЕСКИЕ: 1.5, 2, 2.5ММ;ШАРНИРНЫЙ КАРДАН 1/4;УДЛ НИТЕЛЬ 1/4, 5СМ;УДЛИНИТЕЛЬ 1/4, 10СМ;ГИБКИЙ УДЛИНИТЕЛЬ 1/4;УДЛИНИТЕЛЬ 1/4 С ВОРОТКОМ; УЧКА-УДЛИНИТЕЛЬ ДЛЯ ГОЛОВОК 1/;КЛЮЧ С ТРЕЩОТКОЙ ДЛЯ ГОЛОВОК 1/4; Производитель NING O ANMU E-COMMERCE CO., LTD. Тов.знак BOXBOT Артикул WR-46 Кол-во 500.00 ШТ",8206000000,5135.60036,4882.60039
10702070_021123_3444828.pdf,"ИГРУШКИ ТРАНСПОРТНЫЕ ДЛЯ ДЕТЕЙ СТАРШЕ ТРЁХ ЛЕТ ИЗ ПОЛИМЕРНЫХ МАТЕРИАЛОВ, СО С",9503007500,4287.75036,3625.28039
10702070_021123_3444831.pdf,10.20233011/2 1073745111.05.2023 ДТ: 10013160/270723/33366673012/2 ПРИЛ.111.05.2023 ДТ: 10013160/270723/33366673031/0 23050047/3292/0000/2/123.05.20234021/0 SK230418-124.10.20234031/0 SP225-I01-B5-S 24.10.20234033/2 333101.08.2023 ДТ: 10131010/171023/33471,9503007000,80.00036,70.00039
10702070_021123_3445245.pdf,10.20232099/0 UTRUST23100856C 21.10.20233011/2 1069856201.03.2023 ДТ: 10702070/140723/32887033012/2 ПРИЛ.101.03.2023 ДТ: 10702070/140723/32887033031/0 23040001/2307/0000/9/103.04.20234021/0 2023091818.09.20234031/0 SO951-I01-B5-S 24.10.20234033/2 333101.08.2023 ДТ: 10131010/171023/33471,3926909709,174.80036,170.00039
10702070_021123_3445362.pdf,20039Квота 40Общая декларация/Предшествующий документ 44Дополнит. ин 0 формация/ Пред0 ставл. документ0 ы 00 00 00 00 00 1401/0 ЕАЭС RU С-CN.АЯ24.В.01419/2321.09.2023 с 21.09.2023 по 20.09.20281402/0 ЕАЭС N RU Д-CN.РА07.В.74824/2322.09.2023 с 22.09.2023 по 21.09.20282011/0 HASLC0723100051121.10.20232099/0 UTRUST23100856B 21.10.20233011/0 1074635526.05.20233031/0 23060007/2307/0000/9/113.06.20234021/0 ABRU00423-001-0118.10.20234031/2 SO951-I01-B5-S 24.10.2023 ДТ: 10702070/021123/34452454033/2 333101.08.2023 ДТ: 10131010/171023/33471,9503007000,132.50036,121.20039
10702070_021123_3445430.pdf,"ИГРУШКИ ТРАНСПОРТНЫЕ ИЗ ПЛАСТМАССЫ ДЛЯ ДЕТЕЙ ОТ ТРЕХ ЛЕТ, В ТОМ ЧИСЛЕ С ЭЛЕМЕНТ",9503007000,3077.00036,2762.00039
10702070_030123_3001234.pdf,"2022 , А 10702070/030123/30012341ДЕКЛАРАЦИЯ ИМ 40 ЭД 12Отправитель/Экспортер YIWU MARKET UNION CO.,LTD. 322000, КИТАЙ, YIWU, 2F,NO 113 QIUSHI ROAD, BEIYUAN ИМ ЭД 3Формы 11 4Отгр. спец. 5Всего т-ов 16Всего мест 2127Справочный номер 8Получатель СМ. ГРАФУ 14 ДТ 9Лицо, ответственное за финансовое урегулирование СМ. ГРАФУ 14 ДТ 10Стр.перв.назнач/ посл.отп. 11Торг.страна CN 12Общая таможенная стоимость 979599.261314Декларант ООО МАРКЕТ.ТРЕЙД 9705171890 / 770501001115035, РОССИЯ, РФ, Г. МОСКВА, САДОВНИЧЕСКАЯ УЛ, Д. 82 СТР. 2, ПОМЕЩ. 5B18 122770033949215Страна отправления КИТАЙ",9603909100,3564.33036,3352.50039
10702070_030323_3090456.pdf,"1914Декларант О 11 О 59 О 07 30 5 М 5 , 1 А Р 7 О Р 1 К С 8 Е 9 С 0 Т И . Т / Я 7 Р , 7 Е Р 0 Й Ф 5 Д 0 , 1 Г. 0 М 01 ОСКВА, САДОВНИЧЕСКАЯ УЛ, Д. 82 СТР. 2, ПОМЕЩ. 1 К 5 И С Т т А р Й ана отправления",3926909200,36107.48036,34280.36039
10702070_030423_3133275.pdf,"2022 , А 10702070/030423/31332751ДЕКЛАРАЦИЯ ИМ 40 ЭД 12Отправитель/Экспортер YONGKANG TENGTAI FITNESS CO.,LTD КИТАЙ, LONGSHAN TOWN,ZHEJIANG PROVINCE, YONGKANG, ADD:NO.27 QIAODONG ROAD ИМ ЭД 3Формы 12 4Отгр. спец. 5Всего т-ов 36Всего мест 41937Справочный номер 8Получатель СМ. ГРАФУ 14 ДТ 9Лицо, ответственное за финансовое урегулирование СМ. ГРАФУ 14 ДТ 10Стр.перв.назнач/ посл.отп. 11Торг.страна CH 12Общая таможенная стоимость 21462599.431314Декларант ООО МАРКЕТ.ТРЕЙД 9705171890 / 770401001121099, РОССИЯ, РФ, Г. МОСКВА, НОВИНСКИЙ Б-Р, Д. 8 122770033949215Страна отправления КИТАЙ",9506911000,495.55036,430.10039
10702070_030723_3270440.pdf,"2023 , А 10702070/030723/32704401ДЕКЛАРАЦИЯ ИМ 40 ЭД 12Отправитель/Экспортер SHANTOU FENGCHENGJIA TRADING CO., LTD контрагент 515000, КИТАЙ, CHENGHAI DISTRICT,GUANGDONG, SHANTOU CITY, LAIMEI INDUSTRY AREAS ИМ ЭД 3Формы 13 4Отгр. спец. 5Всего т-ов 76Всего мест 3277Справочный номер 8Получатель СМ. ГРАФУ 14 ДТ 9Лицо, ответственное за финансовое урегулирование СМ. ГРАФУ 14 ДТ 10Стр.перв.назнач/ посл.отп. 11Торг.страна CN 12Общая таможенная стоимость 2891354.711314Декларант ООО МАРКЕТ.ТРЕЙД 9705171890 / 770401001121099, РОССИЯ, ВН.ТЕР.Г. МУНИЦИПАЛЬНЫЙ ОКРУГ АРБАТ, Г.МОСКВА, Б-Р НОВИНСКИЙ, Д.8 122770033949215Страна отправления КИТАЙ",9503002100,200.00036,190.00039
10702070_030823_3317233.pdf,"2023 , А 10702070/030823/33172",9401800001,2320.00036,1920.00039
10702070_030823_3318499.pdf,"2023 , А 10702070/030823/33184991ДЕКЛАРАЦИЯ ИМ 40 ЭД 12Отправитель/Экспортер NINGBO WELLDON INFANT AND CHILD SAFETY TECHNOLOGY CO.,LTD 315034, КИТАЙ, JIANGBEI HI-TECH INDUSTRIAL ZONE,CICHENG TOWN, NINGBO, NO.276 HUANGJIPU ROAD ИМ ЭД 3Формы 11 4Отгр. спец. 5Всего т-ов 16Всего мест 3407Справочный номер 8Получатель СМ. ГРАФУ 14 ДТ 9Лицо, ответственное за финансовое урегулирование СМ. ГРАФУ 14 ДТ 10Стр.перв.назнач/ посл.отп. 11Торг.страна CN 12Общая таможенная стоимость 2964973.271314Декларант ООО МАРКЕТ.ТРЕЙД 9705171890 / 770401001121099, РОССИЯ, РФ, Г. МОСКВА, НОВИНСКИЙ Б-Р, Д. 8 122770033949215Страна отправления КИТАЙ",9401800001,5746.00036,5100.00039
10702070_030823_3318647.pdf,"2023 , А 10702070/030823/33186471ДЕКЛАРАЦИЯ ИМ 40 ЭД 12Отправитель/Экспортер JIANGSU HAPPY BABY SAFETY SEAT CO., LTD КИТАЙ, JIANGSU PROVINCE, TAIXING CITY, WEST SIDE OF LIAN FU RIVER , NORTH SIDE OF SI TONG ROAD, HONGQIAO INDUSTRIAL PARK ИМ ЭД 3Формы 11 4Отгр. спец. 5Всего т-ов 16Всего мест 2937Справочный номер 8Получатель СМ. ГРАФУ 14 ДТ 9Лицо, ответственное за финансовое урегулирование СМ. ГРАФУ 14 ДТ 10Стр.перв.назнач/ посл.отп. 11Торг.страна CN 12Общая таможенная стоимость 2218963.441314Декларант ООО МАРКЕТ.ТРЕЙД 9705171890 / 770401001121099, РОССИЯ, РФ, Г. МОСКВА, НОВИНСКИЙ Б-Р, Д. 8 122770033949215Страна отправления КИТАЙ",9401800001,4790.50036,4216.20039
10702070_030823_3318737.pdf,"2023 , А 10702070/030823/33187371ДЕКЛАРАЦИЯ ИМ 40 ЭД 12Отправитель/Экспортер CIXI YIQIN CHILDREN PRODUCTS CO. LTD КИТАЙ, BINHAI ECONOMIC DEVELOPMENT ZONE, CIXI, NO.677 XIANGSHAN ROAD ИМ ЭД 3Формы 11 4Отгр. спец. 5Всего т-ов 16Всего мест 4007Справочный номер 8Получатель СМ. ГРАФУ 14 ДТ 9Лицо, ответственное за финансовое урегулирование СМ. ГРАФУ 14 ДТ 10Стр.перв.назнач/ посл.отп. 11Торг.страна CN 12Общая таможенная стоимость 1462144.881314Декларант ООО МАРКЕТ.ТРЕЙД 9705171890 / 770401001121099, РОССИЯ, РФ, Г. МОСКВА, НОВИНСКИЙ Б-Р, Д. 8 122770033949215Страна отправления КИТАЙ",9401710009,4000.00036,4000.00039
10702070_030923_3360772.pdf,"5001000 CNY 25Вид 26Вид 27Место погрузки/разгрузки 28Финансовые и банковские сведения транспорта транспорта 10 на границе внутри страны 29Орган въезда/выезда 30Местонахождение товаров 10702030 Т/П МОРСКОЙ ПОРТ 95 , 10702030, ВЛАДИВОСТОК РОССИЯ, ПРИМОРСКИЙ КРАЙ, Г. 1 ВЛАДИВОСТОК, УЛ. СТРЕЛЬНИКОВА, Д. 9 ВМТП, N 10702000/160323/00030/2 от 19.03.2023 , А 10702070/030923/33607721ДЕКЛАРАЦИЯ ИМ 40 ЭД 12Отправитель/Экспортер FESCO INTEGRATED TRANSPORT LLC ПО ПОРУЧЕНИЮ XIAMEN COCO BABY CHILDREN S PRODUCTS CO.,LTD КИТАЙ, TONG AN DISTRICT, XIAMEN, 103 JINFU ROAD ,CHENGNAN INDUSTRIAL AREA ИМ ЭД 3Формы 11 4Отгр. спец. 5Всего т-ов 16Всего мест 18507Справочный номер 8Получатель СМ. ГРАФУ 14 ДТ 9Лицо, ответственное за финансовое урегулирование СМ. ГРАФУ 14 ДТ 10Стр.перв.назнач/ посл.отп. 11Торг.страна CN 12Общая таможенная стоимость 4785510.881314Декларант ООО МАРКЕТ.ТРЕЙД 9705171890 / 770401001121099, РОССИЯ, РФ, Г. МОСКВА, НОВИНСКИЙ Б-Р, Д. 8 122770033949215Страна отправления КИТАЙ",9403208009,17097.50036,17097.50039
10702070_040223_3053047.pdf,"2022 , А 10702070/040223/30530471ДЕКЛАРАЦИЯ ИМ 40 ЭД 12Отправитель/Экспортер SUZHOU INALL ENTERPRISE CO.,LTD. 215000, КИТАЙ, SUZHOU, NO.379 TAYUAN RD, HIGH-TECH ZONE ИМ ЭД 3Формы 13 4Отгр. спец. 5Всего т-ов 76Всего мест 17457Справочный номер 8Получатель СМ. ГРАФУ 14 ДТ 9Лицо, ответственное за финансовое урегулирование СМ. ГРАФУ 14 ДТ 10Стр.перв.назнач/ посл.отп. 11Торг.страна CN 12Общая таможенная стоимость 15897895.111314Декларант ООО МАРКЕТ.ТРЕЙД 9705171890 / 770501001115035, РОССИЯ, РФ, Г. МОСКВА, САДОВНИЧЕСКАЯ УЛ, Д. 82 СТР. 2, ПОМЕЩ. 5B18 122770033949215Страна отправления КИТАЙ",8467292000,1716.00036,1584.00039
10702070_040223_3053148.pdf,"2022 , А 10702070/040223/30531481ДЕКЛАРАЦИЯ ИМ 40 ЭД 12Отправитель/Экспортер YONGKANG TENGTAI FITNESS CO.,LTD КИТАЙ, LONGSHAN TOWN,ZHEJIANG PROVINCE, YONGKANG, ADD:NO.27 QIAODONG ROAD ИМ ЭД 3Формы 11 4Отгр. спец. 5Всего т-ов 16Всего мест 8807Справочный номер 8Получатель СМ. ГРАФУ 14 ДТ 9Лицо, ответственное за финансовое урегулирование СМ. ГРАФУ 14 ДТ 10Стр.перв.назнач/ посл.отп. 11Торг.страна CH 12Общая таможенная стоимость 4882413.361314Декларант ООО МАРКЕТ.ТРЕЙД 9705171890 / 770501001115035, РОССИЯ, РФ, Г. МОСКВА, САДОВНИЧЕСКАЯ УЛ, Д. 82 СТР. 2, ПОМЕЩ. 5B18 122770033949215Страна отправления КИТАЙ",9506919000,36036.00036,33440.00039
10702070_040223_3053180.pdf,"2022 , А 10702070/040223/30531801ДЕКЛАРАЦИЯ ИМ 40 ЭД 12Отправитель/Экспортер YONGKANG TENGTAI FITNESS CO.,LTD КИТАЙ, LONGSHAN TOWN,ZHEJIANG PROVINCE, YONGKANG, ADD:NO.27 QIAODONG ROAD ИМ ЭД 3Формы 11 4Отгр. спец. 5Всего т-ов 16Всего мест 16227Справочный номер 8Получатель СМ. ГРАФУ 14 ДТ 9Лицо, ответственное за финансовое урегулирование СМ. ГРАФУ 14 ДТ 10Стр.перв.назнач/ посл.отп. 11Торг.страна CH 12Общая таможенная стоимость 7157766.941314Декларант ООО МАРКЕТ.ТРЕЙД 9705171890 / 770501001115035, РОССИЯ, РФ, Г. МОСКВА, САДОВНИЧЕСКАЯ УЛ, Д. 82 СТР. 2, ПОМЕЩ. 5B18 122770033949215Страна отправления КИТАЙ",9506919000,54337.00036,51904.00039
10702070_040723_3273191.pdf,"MDB-29G ртикул AL21-MDB-29G Серийный номер: ОТСУТСТВУЮТ Кол-во 104.00 ШТ ВЕЛОСИПЕД ДВУХКОЛЕСНЫЙ ДЛЯ ВЗРОСЛЫХ. ЦВЕТ : WHITE. КОМПЛЕКТАЦИЯ :ВЕЛОСИПЕД, КОМП ЕКТ КРЫЛЬЕВ, КОМПЛЕКТ СВЕТООТРАЖАТЕЛЕЙ, РУКОВОДСТВО ПОЛЬЗОВАТЕЛЯ. ТЕХНИЧЕСКИЕ АРАКТЕРИСТИКИ : -ДЛЯ ПЕРЕСЕЧЕННОЙ МЕСТНОСТИ -РАЗМЕР РАМЫ-21 -МАТЕРИАЛ РАМЫ-АЛЮ ИНИЙ -ХОД ВИЛКИ-80 ММ -ТИП ТОРМОЗОВ-МЕХАНИЧЕСКИЕ ДИСКОВЫЕ -ПЕРЕДНЯЯ ВТУЛКА- СТА Ь -ЗАДНЯЯ ВТУЛКА-СТАЛЬ -ОБОД-АЛЮМИНИЙ ДВОЙНОЙ -КОЛ-ВО СКОРОСТЕЙ-21 -СИСТЕМА ШАТУ ОВ-СТАЛЬ И ПЛАСТИК -РАЗМЕР КОЛЕС-29 Х2.125 -ПЕДАЛИ ПЛАСТИК Производитель HEBEI SKY KIN BICYCLE TECHNOLOGY CO.,LTD Тов.знак BOXBOT Торг. знак, марка BOXBOT Модель AL21-MDB-29W ртикул AL21-MDB-29W Серийный номер: ОТСУТСТВУЮТ Кол-во 45.00 ШТ 21.00 ШТ )621 CT-621, ) 2 CN: CRFU5456956,XHCU5280403,",8712003000,11867.77036,11867.77039
10702070_040823_3319977.pdf,"3214Декларант О 12 О 19 О 07 90 9 М 5 , 1 А Р 7 Р О 1 К 8 С Е 9 С 0 Т И . Т / Я 7 Р , 7 Е В 0 Й 4 Н Д 0 .Т 1 Е 00 Р. 1 Г. МУНИЦИПАЛЬНЫЙ ОКРУГ АРБАТ, Г.МОСКВА, Б-Р 1 К 5 И С Т т А р Й ана отправления",3924900009,2224.28336,2046.50039
10702070_040923_3362594.pdf,GWWR-BSC Кол-во 140.00 ШТ УНИТАЗ ПОД,6910100000,13027.00036,13027.00039
10702070_040923_3362775.pdf,"2023 , А 10702070/040923/33627751ДЕКЛАРАЦИЯ ИМ 40 ЭД 12Отправитель/Экспортер SHANTOU FENGCHENGJIA TRADING CO., LTD контрагент КИТАЙ, CHENGHAI DISTRICT,GUANGDONG, SHANTOU CITY, LAIMEI INDUSTRY AREAS ИМ ЭД 3Формы 14 4Отгр. спец. 5Всего т-ов 96Всего мест 3757Справочный номер 8Получатель СМ. ГРАФУ 14 ДТ 9Лицо, ответственное за финансовое урегулирование СМ. ГРАФУ 14 ДТ 10Стр.перв.назнач/ посл.отп. 11Торг.страна CN 12Общая таможенная стоимость 4136525.301314Декларант ООО МАРКЕТ.ТРЕЙД 9705171890 / 770401001121099, РОССИЯ, ВН.ТЕР.Г. МУНИЦИПАЛЬНЫЙ ОКРУГ АРБАТ, Г.МОСКВА, Б-Р НОВИНСКИЙ, Д.8 122770033949215Страна отправления КИТАЙ",8516797000,60.00036,52.00039
10702070_040923_3362811.pdf,"ИГРУШКИ ДЛЯ КОНСТРУИРОВАНИЯ ДЛЯ ДЕТЕЙ ИЗ ПОЛИМЕРНЫХ МАТЕРИАЛОВ ДЛЯ ДЕТЕЙ, С ЭЛ",9503003500,5720.00036,4867.00039
10702070_050123_3003093.pdf,"2022 , А 10702070/050123/30030931ДЕКЛАРАЦИЯ ИМ 40 ЭД 12Отправитель/Экспортер GUANGDONG OVERSEAS CHINESE(OCIE) ENTERPRISES CO., LTD. КИТАЙ, GUANGZHOU, ROOM 803-809, NO. 850 EAST DONG FENG ROAD ИМ ЭД 3Формы 11 4Отгр. спец. 5Всего т-ов 16Всего мест 10797Справочный номер 8Получатель СМ. ГРАФУ 14 ДТ 9Лицо, ответственное за финансовое урегулирование СМ. ГРАФУ 14 ДТ 10Стр.перв.назнач/ посл.отп. 11Торг.страна CN 12Общая таможенная стоимость 2233935.991314Декларант ООО МАРКЕТ.ТРЕЙД 9705171890 / 770501001115035, РОССИЯ, РФ, Г. МОСКВА, САДОВНИЧЕСКАЯ УЛ, Д. 82 СТР. 2, ПОМЕЩ. 5B18 122770033949215Страна отправления КИТАЙ",9503001009,5422.80036,4239.36039
10702070_050123_3003097.pdf,"2022 , А 10702070/050123/30030971ДЕКЛАРАЦИЯ ИМ 40 ЭД 12Отправитель/Экспортер BESTWAY (HONG KONG) INTERNATIONAL LIMITED КИТАЙ, EAST WING, TSIM SHA TSUI CENTRE, HONG KONG, SUITE 713,7/FLOOR,66 MODY ROAD,KOWLOON ИМ ЭД 3Формы 13 4Отгр. спец. 5Всего т-ов 76Всего мест 48447Справочный номер 8Получатель СМ. ГРАФУ 14 ДТ 9Лицо, ответственное за финансовое урегулирование СМ. ГРАФУ 14 ДТ 10Стр.перв.назнач/ посл.отп. 11Торг.страна CH 12Общая таможенная стоимость 123440310.063 14Декларант ООО МАРКЕТ.ТРЕЙД 9705171890 / 770501001115035, РОССИЯ, РФ, Г. МОСКВА, САДОВНИЧЕСКАЯ УЛ, Д. 82 СТР. 2, ПОМЕЩ. 5B18 122770033949215Страна отправления КИТАЙ",3926909200,35548.30036,33739.22039
10702070_050223_3053822.pdf,"2001000 USD 25Вид 26Вид 27Место погрузки/разгрузки 28Финансовые и банковские сведения транспорта транспорта 10 на границе внутри страны 29Орган въезда/выезда 30Местонахождение товаров 10714040 Т/П МОРСКОЙ ПОРТ 99 , 10714040, ВОСТОЧНЫЙ 692941, РОССИЯ, ПРИМОРСКИЙ КРАЙ, 1 НАХОДКА, МКР. ВРАНГЕЛЬ, УЛ. ВНУТРИПОРТОВАЯ, 47 , N 10714000/281122/00192/2 от 28.11.2022 , А 10702070/050223/30538221ДЕКЛАРАЦИЯ ИМ 40 ЭД 12Отправитель/Экспортер GUANGDONG MELOBO BABY CARRIAGE CO.,LTD КИТАЙ, SANSHUI , FOSHAN, GUANGDONG, NO .8, HUIJIN INDUSTRY BOROUGH, BAINI TOWN ИМ ЭД 3Формы 11 4Отгр. спец. 5Всего т-ов 16Всего мест 6247Справочный номер 8Получатель СМ. ГРАФУ 14 ДТ 9Лицо, ответственное за финансовое урегулирование СМ. ГРАФУ 14 ДТ 10Стр.перв.назнач/ посл.отп. 11Торг.страна CN 12Общая таможенная стоимость 3005888.831314Декларант ООО МАРКЕТ.ТРЕЙД 9705171890 / 770501001115035, РОССИЯ, РФ, Г. МОСКВА, САДОВНИЧЕСКАЯ УЛ, Д. 82 СТР. 2, ПОМЕЩ. 5B18 122770033949215Страна отправления КИТАЙ",9503001001,7716.36036,7077.72039
10702070_051023_3409757.pdf,"4514Декларант О 12 О 19 О 07 90 9 М 5 , 1 А Р 7 Р О 1 К 8 С Е 9 С 0 Т И . Т / Я 7 Р , 7 Е Р 0 Й Ф 4 Д 0 , 1 Г 0 . 0 М 1 ОСКВА, НОВИНСКИЙ Б-Р, Д. 81 К 5 И С Т т А р Й ана отправления",8467292000,1104.50036,1057.50039
10702070_051023_3409760.pdf,"2023 , А 10702070/051023/34097601ДЕКЛАРАЦИЯ ИМ 40 ЭД 12Отправитель/Экспортер NINGBO SINGFUN CENTRAL HEATING TECHNOLOGY CO.,LTD КИТАЙ, ZHEJIANG PROVINCE, FUHAI TOWN CIXICITY, SINGFUN INDUSTRY PARK ИМ ЭД 3Формы 11 4Отгр. спец. 5Всего т-ов 16Всего мест 1827Справочный номер 8Получатель СМ. ГРАФУ 14 ДТ 9Лицо, ответственное за финансовое урегулирование СМ. ГРАФУ 14 ДТ 10Стр.перв.назнач/ посл.отп. 11Торг.страна CN 12Общая таможенная стоимость 2276643.991314Декларант ООО МАРКЕТ.ТРЕЙД 9705171890 / 770401001121099, РОССИЯ, РФ, Г. МОСКВА, НОВИНСКИЙ Б-Р, Д. 8 122770033949215Страна отправления КИТАЙ",8516299100,4477.20036,3494.40039
10702070_060123_3005257.pdf,"2022 , А 10702070/060123/30052571ДЕКЛАРАЦИЯ ИМ 40 ЭД 12Отправитель/Экспортер NINGBO BOLENN MANUFACTURING CO.,LTD КИТАЙ, FENGHUA NINGBO, NO.21,EAST OF ZHENNAN ROAD, XIWU INDUSTRIAL ZONE ИМ ЭД 3Формы 11 4Отгр. спец. 5Всего т-ов 16Всего мест 4657Справочный номер 8Получатель СМ. ГРАФУ 14 ДТ 9Лицо, ответственное за финансовое урегулирование СМ. ГРАФУ 14 ДТ 10Стр.перв.назнач/ посл.отп. 11Торг.страна CN 12Общая таможенная стоимость 3172020.201314Декларант ООО МАРКЕТ.ТРЕЙД 9705171890 / 770501001115035, РОССИЯ, РФ, Г. МОСКВА, САДОВНИЧЕСКАЯ УЛ, Д. 82 СТР. 2, ПОМЕЩ. 5B18 122770033949215Страна отправления КИТАЙ",9401800001,6921.50036,5991.50039
10702070_060223_3055988.pdf,"2022 , А 10702070/060223/30559881ДЕКЛАРАЦИЯ ИМ 40 ЭД 12Отправитель/Экспортер XIAMEN COCO BABY CHILDREN S PRODUCTS CO.,LTD КИТАЙ, TONG AN DISTRICT, XIAMEN, 103 JINFU ROAD ,CHENGNAN INDUSTRIAL AREA ИМ ЭД 3Формы 11 4Отгр. спец. 5Всего т-ов 16Всего мест 17607Справочный номер 8Получатель СМ. ГРАФУ 14 ДТ 9Лицо, ответственное за финансовое урегулирование СМ. ГРАФУ 14 ДТ 10Стр.перв.назнач/ посл.отп. 11Торг.страна CN 12Общая таможенная стоимость 3734589.961314Декларант ООО МАРКЕТ.ТРЕЙД 9705171890 / 770501001115035, РОССИЯ, РФ, Г. МОСКВА, САДОВНИЧЕСКАЯ УЛ, Д. 82 СТР. 2, ПОМЕЩ. 5B18 122770033949215Страна отправления КИТАЙ",9403208009,16280.00036,16280.00039
10702070_070323_3095165.pdf,"2022 , А 10702070/070323/30951651ДЕКЛАРАЦИЯ ИМ 40 ЭД 12Отправитель/Экспортер SUZHOU INALL ENTERPRISE CO.,LTD. 215000, КИТАЙ, SUZHOU, NO.379 TAYUAN RD, HIGH-TECH ZONE ИМ ЭД 3Формы 12 4Отгр. спец. 5Всего т-ов 36Всего мест 4057Справочный номер 8Получатель СМ. ГРАФУ 14 ДТ 9Лицо, ответственное за финансовое урегулирование СМ. ГРАФУ 14 ДТ 10Стр.перв.назнач/ посл.отп. 11Торг.страна CN 12Общая таможенная стоимость 4684319.811314Декларант ООО МАРКЕТ.ТРЕЙД 9705171890 / 770501001115035, РОССИЯ, РФ, Г. МОСКВА, САДОВНИЧЕСКАЯ УЛ, Д. 82 СТР. 2, ПОМЕЩ. 5B18 122770033949215Страна отправления КИТАЙ",8467295100,2562.50036,2375.00039
10702070_070923_3369360.pdf,2020 ДТ: 10013160/250522/326498641Дополнит.единицы 3000.00/ШТ/79642Цена товара 4186510.00 С,8516299100,4200.00036,3300.00039
10702070_071123_3450703.pdf,08.20281402/0 ЕАЭС N RU Д-CH.РА06.В.13525/2303.08.2023 с 03.08.2023 по 02.08.20282011/0 HASLC0123100738428.10.20233011/2 1059742529.07.2022 ДТ: 10005030/021122/32975683031/0 22081962/3292/0000/2/117.08.20224021/0 INALL230915-803P 11.10.20234031/0 SS514-I01-B5-S 30.10.20234033/2 333101.08.2023 ДТ: 10131010/171023/33471,8467292000,20947.50036,18952.50039
10702070_080223_3060638.pdf,20233011/2 1054431929.03.2022 ДТ: 10702070/130822/32559963012/2 ДОП.СОГЛ.129.03.2022 ДТ: 10702070/261022/33656463012/2 СОГЛАШЕНИЕ Б/Н 01.10.2022 ДТ: 10702070/261022/33656463031/0 22101875/3292/0000/2/120.10.20224021/0 22121527.12.20224031/0 BAUP0003/2331.01.20234033/2 КДЕ-22/185ДП 04.08.2022 ДТ: 10702070/230922/33177269034/2 112724.01.2020 ДТ: 10013160/250522/326498641Дополнит.единицы 710.00/ШТ/79642Цена товара 426625.00 С,9401800001,4828.00036,4118.00039
10702070_080523_3185107.pdf,"11581: HAI RUN-142HR 00 счета: 731126.4001000 CNY 25Вид 26Вид 27Место погрузки/разгрузки 28Финансовые и банковские сведения транспорта транспорта 10 на границе внутри страны 29Орган въезда/выезда 30Местонахождение товаров 10714040 Т/П МОРСКОЙ ПОРТ 99 , 10714040, ВОСТОЧНЫЙ 692941, РОССИЯ, ПРИМОРСКИЙ КРАЙ, 1 НАХОДКА, МКР. ВРАНГЕЛЬ, УЛ. ВНУТРИПОРТОВАЯ, 47 , N 10714000/200323/00070/2 от 20.03.2023 , А 10702070/080523/31851071ДЕКЛАРАЦИЯ ИМ 40 ЭД 12Отправитель/Экспортер SUZHOU INALL ENTERPRISE CO.,LTD. 215000, КИТАЙ, SUZHOU, NO.379 TAYUAN RD, HIGH-TECH ZONE ИМ ЭД 3Формы 13 4Отгр. спец. 5Всего т-ов 56Всего мест 9327Справочный номер 8Получатель СМ. ГРАФУ 14 ДТ 9Лицо, ответственное за финансовое урегулирование СМ. ГРАФУ 14 ДТ 10Стр.перв.назнач/ посл.отп. 11Торг.страна CN 12Общая таможенная стоимость 8362378.561314Декларант ООО МАРКЕТ.ТРЕЙД 9705171890 / 770401001121099, РОССИЯ, РФ, Г. МОСКВА, НОВИНСКИЙ Б-Р, Д. 8 122770033949215Страна отправления КИТАЙ",8467292000,2184.00036,2016.00039
10702070_080523_3185108.pdf,"11581: HAI RUN-142HR 00 счета: 574188.0001000 CNY 25Вид 26Вид 27Место погрузки/разгрузки 28Финансовые и банковские сведения транспорта транспорта 10 на границе внутри страны 29Орган въезда/выезда 30Местонахождение товаров 10714040 Т/П МОРСКОЙ ПОРТ 99 , 10714040, ВОСТОЧНЫЙ 692941, РОССИЯ, ПРИМОРСКИЙ КРАЙ, 1 НАХОДКА, МКР. ВРАНГЕЛЬ, УЛ. ВНУТРИПОРТОВАЯ, 47 , N 10714000/200323/00070/2 от 20.03.2023 , А 10702070/080523/31851081ДЕКЛАРАЦИЯ ИМ 40 ЭД 12Отправитель/Экспортер JIANGSU SUPREME MECH-TECH CO.,LTD КИТАЙ, JIANGSU PROVINCE LVSI TOWN, QIDONG CITY, 12ND VILLAGE, 12ND GROUP ИМ ЭД 3Формы 11 4Отгр. спец. 5Всего т-ов 16Всего мест 5907Справочный номер 8Получатель СМ. ГРАФУ 14 ДТ 9Лицо, ответственное за финансовое урегулирование СМ. ГРАФУ 14 ДТ 10Стр.перв.назнач/ посл.отп. 11Торг.страна CN 12Общая таможенная стоимость 6586816.031314Декларант ООО МАРКЕТ.ТРЕЙД 9705171890 / 770401001121099, РОССИЯ, РФ, Г. МОСКВА, НОВИНСКИЙ Б-Р, Д. 8 122770033949215Страна отправления КИТАЙ",8467292000,11646.60036,11056.60039
10702070_080623_3231938.pdf,"41631: TRANSIT TAVAYZA 23102N 00 счета: 206342.6801000 CNY 25Вид 26Вид 27Место погрузки/разгрузки 28Финансовые и банковские сведения транспорта транспорта 10 на границе внутри страны 29Орган въезда/выезда 30Местонахождение товаров 1070202099 , 10702020, РОССИЯ, ПРИМОРСКИЙ КРАЙ, 1 ВЛАДИВОСТОК, УЛИЦА ПОЛТАВСКАЯ, ЗДАНИЕ 18, ОФИС 2 , N 10702000/271222/00164/2 от 27.12.2022 , А 10702070/080623/32319",9503004100,4916.00036,4240.00039
10702070_080623_3231956.pdf,"41631: TRANSIT TAVAYZA 00 счета: 308033.6601000 CNY 25Вид 26Вид 27Место погрузки/разгрузки 28Финансовые и банковские сведения транспорта транспорта 10 на границе внутри страны 29Орган въезда/выезда 30Местонахождение товаров 10702030 Т/П МОРСКОЙ ПОРТ 99 , 10702020, ВЛАДИВОСТОК РОССИЯ, ПРИМОРСКИЙ КРАЙ, Г. 1 ВЛАДИВОСТОК, УЛ.ПОЛТАВСКАЯ, ЗДАНИЕ 18 , N 10702000/271222/00164/2 от 27.12.2022 , А 10702070/080623/32319561ДЕКЛАРАЦИЯ ИМ 40 ЭД 12Отправитель/Экспортер SHANTOU FENGCHENGJIA TRADING CO., LTD контрагент КИТАЙ, CHENGHAI DISTRICT, SHANTOU, LAIMEI INDUSTRY AREAS ИМ ЭД 3Формы 13 4Отгр. спец. 5Всего т-ов 76Всего мест 2577Справочный номер 8Получатель СМ. ГРАФУ 14 ДТ 9Лицо, ответственное за финансовое урегулирование СМ. ГРАФУ 14 ДТ 10Стр.перв.назнач/ посл.отп. 11Торг.страна CN 12Общая таможенная стоимость 3866874.501314Декларант ООО МАРКЕТ.ТРЕЙД 9705171890 / 770401001121099, РОССИЯ, ВН.ТЕР.Г. МУНИЦИПАЛЬНЫЙ ОКРУГ АРБАТ, Г.МОСКВА, Б-Р НОВИНСКИЙ, Д.8 122770033949215Страна отправления КИТАЙ",9503001009,398.00036,368.00039
10702070_080823_3324558.pdf,"2023 , А 10702070/080823/33245581ДЕКЛАРАЦИЯ ИМ 40 ЭД 12Отправитель/Экспортер SHANTOU FENGCHENGJIA TRADING CO., LTD контрагент КИТАЙ, CHENGHAI DISTRICT,GUANGDONG, SHANTOU CITY, LAIMEI INDUSTRY AREAS ИМ ЭД 3Формы 14 4Отгр. спец. 5Всего т-ов 96Всего мест 5507Справочный номер 8Получатель СМ. ГРАФУ 14 ДТ 9Лицо, ответственное за финансовое урегулирование СМ. ГРАФУ 14 ДТ 10Стр.перв.назнач/ посл.отп. 11Торг.страна CN 12Общая таможенная стоимость 7140348.601314Декларант ООО МАРКЕТ.ТРЕЙД 9705171890 / 770401001121099, РОССИЯ, ВН.ТЕР.Г. МУНИЦИПАЛЬНЫЙ ОКРУГ АРБАТ, Г.МОСКВА, Б-Р НОВИНСКИЙ, Д.8 122770033949215Страна отправления КИТАЙ",3926909709,50.00036,43.00039
10702070_081023_3412645.pdf,GT00123.08.20234031/0 BAUP0020/2306.10.20234033/2 1060301611.08.2022 ДТ: 10702070/070922/32941549023/0 БН 05.10.20239034/2 112724.01.2020 ДТ: 10013160/250522/32649869999/0 Б/Н 06.10.202341Дополнит.единицы 500.00/ШТ/79642Цена товара 493890.00 С,8467810000,3675.00036,3425.00039
10702070_081023_3412646.pdf,10.2022 ДТ: 10702070/160223/30709503012/2 ДОП.СОГЛ.128.11.2022 ДТ: 10702070/130423/31454893031/0 22111615/3292/0000/2/115.11.20224021/0 SF23062604.10.20234031/0 BAUP0020/2306.10.20234033/2 1060301611.08.2022 ДТ: 10702070/070922/32941549022/2 ECS-180012.04.2023 ДТ: 10702070/130423/31454899034/2 112724.01.2020 ДТ: 10013160/250522/32649869999/0 Б/Н 06.10.202341Дополнит.единицы 900.00/ШТ/79642Цена товара 4152640.00 С,8467221000,2475.00036,2160.00039
10702070_081023_3412714.pdf,"2001000 CNY 25Вид 26Вид 27Место погрузки/разгрузки 28Финансовые и банковские сведения транспорта транспорта 10 на границе внутри страны 29Орган въезда/выезда 30Местонахождение товаров 10714040 Т/П МОРСКОЙ ПОРТ 99 , 10714040, ВОСТОЧНЫЙ РОССИЯ, ПРИМОРСКИЙ КРАЙ, Г. 1 НАХОДКА, ВНУТРИПОРТОВАЯ УЛ, Д. 14А , N 10714000/280423/00129/2 от 28.04.2023 , А 10702070/081023/34127141ДЕКЛАРАЦИЯ ИМ 40 ЭД 12Отправитель/Экспортер GUANGDONG NEW JIAQI TECHNOLOGY CO.,LTD КИТАЙ, SHANTOU, GUANGDON, CHENGHAI BATOU XINGDA INDUSTRY ZONE ИМ ЭД 3Формы 11 4Отгр. спец. 5Всего т-ов 16Всего мест 1777Справочный номер 8Получатель СМ. ГРАФУ 14 ДТ 9Лицо, ответственное за финансовое урегулирование СМ. ГРАФУ 14 ДТ 10Стр.перв.назнач/ посл.отп. 11Торг.страна CN 12Общая таможенная стоимость 2547087.921314Декларант ООО МАРКЕТ.ТРЕЙД 9705171890 / 770401001121099, РОССИЯ, РФ, Г. МОСКВА, НОВИНСКИЙ Б-Р, Д. 8 122770033949215Страна отправления КИТАЙ",9503003500,2309.00036,2049.84039
10702070_081023_3412721.pdf,"ИГРУШКИ ДЛЯ КОНСТРУИРОВАНИЯ ДЛЯ ДЕТЕЙ СТАРШЕ ТРЕХ ЛЕТ,ИЗ ПОЛИМЕРНОГО МАТЕРИАЛ",9503003500,1554.50036,1467.60039
10702070_081023_3412722.pdf,08.20281402/0 ЕАЭС N RU Д-CN.РА06.В.72122/2322.08.2023 с 22.08.2023 по 21.08.20282011/2 SNKO03G23090034127.09.2023 ДТ: 10702070/081023/34127142099/0 ARL82022078927.09.20233011/0 1074665520.06.20233031/0 23060023/2307/0000/9/129.06.20234021/0 2023052730.06.20234031/2 596527.09.2023 ДТ: 10702070/081023/34127144033/2 1060301611.08.2022 ДТ: 10702070/070922/32941547011/0 117-ФЗ (ПП.2 П.2 СТ.164) 05.08.200050107011/0 90831.12.200450109034/2 112724.01.2020 ДТ: 10013160/250522/32649869999/2 Б/Н 08.10.2023 ДТ: 10702070/081023/341271441Дополнит.единицы 270.00/ШТ/79642Цена товара 47837.80 С,9503007000,215.00036,180.00039
10702070_081123_3453542.pdf,20233011/0 1070287620.03.20233031/0 23080013/2307/0000/9/123.08.20234021/0 2023082117.10.20234031/0 SS170-I01-B5-S 30.10.20234033/2 333101.08.2023 ДТ: 10131010/171023/33471,9401800001,4640.00036,4032.00039
10702070_090223_3062682.pdf,"57631: CRYSTAL VLADIVOSTOK 00 счета: 201107.5001000 USD 25Вид 26Вид 27Место погрузки/разгрузки 28Финансовые и банковские сведения транспорта транспорта 10 на границе внутри страны 29Орган въезда/выезда 30Местонахождение товаров 10714040 Т/П МОРСКОЙ ПОРТ 99 , 10714040, ВОСТОЧНЫЙ 692941, РОССИЯ, ПРИМОРСКИЙ КРАЙ, 1 НАХОДКА, МКР. ВРАНГЕЛЬ, УЛ. ВНУТРИПОРТОВАЯ, 47 , N 10714000/281122/00192/2 от 28.11.2022 , А 10702070/090223/30626821ДЕКЛАРАЦИЯ ИМ 40 ЭД 12Отправитель/Экспортер CH BABY COMPANY LIMITED 312369, КИТАЙ, SHANGYU DISTRICT,ZHEJIANG PROVINCE, SHAOXING CITY, CH BABY INDUSTRIAL PARK,XIETANG TOWN ИМ ЭД 3Формы 11 4Отгр. спец. 5Всего т-ов 16Всего мест 17977Справочный номер 8Получатель СМ. ГРАФУ 14 ДТ 9Лицо, ответственное за финансовое урегулирование СМ. ГРАФУ 14 ДТ 10Стр.перв.назнач/ посл.отп. 11Торг.страна CN 12Общая таможенная стоимость 15703686.171314Декларант ООО МАРКЕТ.ТРЕЙД 9705171890 / 770501001115035, РОССИЯ, РФ, Г. МОСКВА, САДОВНИЧЕСКАЯ УЛ, Д. 82 СТР. 2, ПОМЕЩ. 5B18 122770033949215Страна отправления КИТАЙ",8715001000,29530.40036,29530.40039
10702070_090323_3098727.pdf,"2022 , А 10702070/090323/30987271ДЕКЛАРАЦИЯ ИМ 40 ЭД 12Отправитель/Экспортер YONGKANG ANARDY IMPORT EXPORT CO., LTD КИТАЙ, CHENGXI INDUSTRIAL AREA, YONGKANG, NO 7-1, WEST TOWER ROAD NUMBER THREE ИМ ЭД 3Формы 11 4Отгр. спец. 5Всего т-ов 16Всего мест 2007Справочный номер 8Получатель СМ. ГРАФУ 14 ДТ 9Лицо, ответственное за финансовое урегулирование СМ. ГРАФУ 14 ДТ 10Стр.перв.назнач/ посл.отп. 11Торг.страна CN 12Общая таможенная стоимость 1423923.951314Декларант ООО МАРКЕТ.ТРЕЙД 9705171890 / 770501001115035, РОССИЯ, РФ, Г. МОСКВА, САДОВНИЧЕСКАЯ УЛ, Д. 82 СТР. 2, ПОМЕЩ. 5B18 122770033949215Страна отправления КИТАЙ",8467295100,4200.00036,3886.00039
10702070_090823_3325923.pdf,07.20272011/0 MAXGVS4518431.07.20233011/0 1073997423.05.20233012/0 123.05.20233031/0 23050010/2307/0000/9/126.05.20234021/0 HP-2023051124.07.20234031/0 46915/230004031.07.20234033/2 1064182921.10.2022 ДТ: 10131010/230123/30229257011/0 117-ФЗ (ПП.2 П.2 СТ.164) 05.08.200050107011/0 90831.12.200450109022/2 S51804.10.2022 ДТ: 10702070/041022/33345309034/2 112724.01.2020 ДТ: 10013160/250522/32649869999/0 46915/230004031.07.202341Дополнит.единицы 42Цена товара 4140292.00 С,9503001009,6170.25036,6170.25039
10702070_091023_3414247.pdf,07.2023 с 31.07.2023 по 30.07.20281402/0 ЕАЭС N RU Д-CN.РА06.В.04199/2301.08.2023 с 01.08.2023 по 31.07.20282011/0 MFSTVAK619N762125.09.20233011/0 1074523025.05.20233031/0 23060004/2307/0000/9/108.06.20234021/0 RUMT2301-124.08.20234031/0 BAUP0019/23027.09.20234031/0 BAUP0019/2327.09.20234033/2 КДЕ-22/185ДП 04.08.2022 ДТ: 10702070/230922/33177267011/0 117-ФЗ (ПП.2 П.2 СТ.164) 05.08.200050107011/0 90831.12.200450109023/0 MFSTVAK619N762125.09.20239034/2 112724.01.2020 ДТ: 10013160/250522/326498641Дополнит.единицы 42Цена товара 420163.60 С,9503002100,506.00036,446.80039
10702070_091023_3414409.pdf,07.2023 с 21.07.2023 по 20.07.20262011/0 TSTST125310728.09.20233011/2 FCJ08122022/LM-2088210.01.2023 ДТ: 10702070/300523/32174643012/2 205.06.2023 ДТ: 10702070/030723/32704403012/0 YHJ230922A 22.09.20233031/0 23030599/3292/0000/2/103.03.20234021/0 YHJ230922A 22.09.20234031/0 289805.10.20234033/2 1070291807.03.2023 ДТ: 10702070/300523/32174644131/0 YHJ230922A 22.09.20239022/0 109.10.20239022/0 209.10.20239023/0 TSTST125310728.09.20239034/2 137217.09.2021 ДТ: 10005030/040523/311726541Дополнит.единицы 42Цена товара 43315.60 С,3926909709,65.00036,55.00039
10702070_091123_3454823.pdf,В.00491/2303.08.2023 с 03.08.2023 по 02.08.20281402/0 ЕАЭС N RU Д-CH.РА06.В.04164/2301.08.2023 с 01.08.2023 по 31.07.20282011/0 SNKO03C23100197628.10.20233011/2 1071746729.03.2023 ДТ: 10005030/261023/50247103031/0 23040010/2307/0000/9/112.04.20234021/0 CF23015122.09.20234031/0 SS308-I01-B5-S 30.10.20234033/2 333101.08.2023 ДТ: 10131010/171023/33471,8516310009,654.90036,595.90039
10702070_091123_3454830.pdf,". ХАРАКТЕРИСТИКИ: - МОЩНОСТЬ 220-240 В - ПЛАВАЮЩИЕ ПЛАСТИНЫ - НА РЕВАТЕЛЬ PTC, БЫСТРЫЙ И БЕЗОПАСНЫЙ НАГРЕВ - КНОПКИ ВКЛЮЧЕНИЯ/ВЫКЛЮЧЕНИЯ, ВРАЩА ЮЩИЙСЯ РУКАВ ДЛЯ РЕГУЛИРОВКИ ТЕМПЕРАТУРЫ (120-230 ГРАДУСОВ ЦЕЛЬСИЯ) - СВЕТОДИОДН Й ЦИФРОВОЙ ДИСПЛЕЙ - РАЗМЕР ПЛАСТИНЫ: 26 90 ММ - С ИОННОЙ ФУНКЦИЕЙ - АВТОМАТИЧЕС ОЕ ОТКЛЮЧЕНИЕ ЧЕРЕЗ ЧАС - РЕЗИНОВЫЙ ШНУР ДЛИНОЙ 2,5 М, ПОВОРОТ НА 360 ГРАДУСОВ, ВИ КА ЕВРОПЕЙСКОГО СТАНДАРТА Производитель INTERTECH SERVICES AG Тов.знак TUVIO Торг. знак, арка TUVIO Модель HS12CTD01 Артикул HS12CTD01 Серийный номер: ОТСУТСТВУЮТ Кол-во 2560.0 ШТ 560.00 ШТ )128 CT-128, .1 PK, ) 1 CN: TEMU8929266часть,",8516320000,1472.00036,1126.00039
10702070_091123_3454833.pdf,"5 М, C ДВОЙНЫМ ЗАЖИ ОМ, С ЗАЩИТОЙ ОТ ПЕРЕКРУЧИВАНИЯ, КОНУСНЫЕ ГАЙКИ, ОДНА С ШИРОКИМ УПЛОТНИТЕЛЬНЫ КОЛЬЦОМ Производитель XIAMEN BEYONG KITCHEN BATH CO.,LTD Тов.знак BEYONG Артикул HM 2.CST5.001 Кол-во 320.00 ШТ ШЛАНГ ДЛЯ ДУША, ПВХ, В ОПЛЕТКЕ ИЗ НЕРЖАВЕЮЩЕЙ СТАЛИ, ДЛИННА 1.75 М, C ДВОЙНЫМ ЗАЖ МОМ, С ЗАЩИТОЙ ОТ ПЕРЕКРУЧИВАНИЯ, КОНУСНЫЕ ГАЙКИ, ОДНА С ШИРОКИМ УПЛОТНИТЕЛЬН М КОЛЬЦОМ Производитель XIAMEN BEYONG KITCHEN BATH CO.,LTD Тов.знак BEYONG Артикул H E2.CST7.002 Кол-во 320.00 ШТ ШЛАНГ ДЛЯ ДУША, ПВХ, В ОПЛЕТКЕ ИЗ НЕРЖАВЕЮЩЕЙ СТАЛИ, ДЛИННА 2.0 М, C ДВОЙНЫМ ЗАЖИ ОМ, С ЗАЩИТОЙ ОТ ПЕРЕКРУЧИВАНИЯ, КОНУСНЫЕ ГАЙКИ, ОДНА С ШИРОКИМ УПЛОТНИТЕЛЬНЫ КОЛЬЦОМ Производитель XIAMEN BEYONG KITCHEN BATH CO.,LTD Тов.знак BEYONG Артикул HM 2.CST2.003 Кол-во 320.00 ШТ ШЛАНГ ДЛЯ ДУША, СИЛИКОНОВЫЙ, ДЛИННА 1.5 М, C ДВОЙНЫМ ЗАЖИМОМ, С ЗАЩИТОЙ ОТ ПЕРЕК УЧИВАНИЯ, КОНУСНЫЕ ГАЙКИ, ОДНА С ШИРОКИМ УПЛОТНИТЕЛЬНЫМ КОЛЬЦОМ Производитель X AMEN BEYONG KITCHEN BATH CO.,LTD Тов.знак BEYONG Артикул HME2.CSI5.007 Кол-во 280.00 ШТ 796) ШЛАНГ ДЛЯ ДУША, СИЛИКОНОВЫЙ, ДЛИННА 1.75 М, C ДВОЙНЫМ ЗАЖИМОМ, С ЗАЩИТОЙ ОТ ПЕРЕ РУЧИВАНИЯ, КОНУСНЫЕ ГАЙКИ, ОДНА С ШИРОКИМ УПЛОТНИТЕЛЬНЫМ КОЛЬЦОМ Производитель IAMEN BEYONG KITCHEN BATH CO.,LTD Тов.знак BEYONG Артикул HME2.CSI7.008 Кол-во 280.00 Ш ШЛАНГ ДЛЯ ДУША, СИЛИКОНОВЫЙ, ДЛИННА 2.0 М, C ДВОЙНЫМ ЗАЖИМОМ, С ЗАЩИТОЙ ОТ ПЕРЕК УЧИВАНИЯ, КОНУСНЫЕ ГАЙКИ, ОДНА С ШИРОКИМ УПЛОТНИТЕЛЬНЫМ КОЛЬЦОМ Производитель X AMEN BEYONG KITCHEN BATH CO.,LTD Тов.знак BEYONG Артикул HME2.CSI2.009 Кол-во 280.00 ШТ 796) ШЛАНГ ДЛЯ ДУША, СИЛИКОНОВЫЙ, ДЛИННА 1.5 М, МАТОВЫЙ ЧЕРНЫЙ, C ДВОЙНЫМ ЗАЖИМОМ, С АЩИТОЙ ОТ ПЕРЕКРУЧИВАНИЯ, КОНУСНЫЕ ГАЙКИ, ОДНА С ШИРОКИМ УПЛОТНИТЕЛЬНЫМ КОЛЬЦ М Производитель XIAMEN BEYONG KITCHEN BATH CO.,LTD Тов.знак BEYONG Артикул HME2.BSI5.00 Кол-во 280.00 ШТ ШЛАНГ ДЛЯ ДУША, СИЛИКОНОВЫЙ, ДЛИННА 1.75 М, МАТОВЫЙ ЧЕРНЫЙ, C ДВОЙНЫМ ЗАЖИМОМ, ЗАЩИТОЙ ОТ ПЕРЕКРУЧИВАНИЯ, КОНУСНЫЕ ГАЙКИ, ОДНА С ШИРОКИМ УПЛОТНИТЕЛЬНЫМ КОЛ ЦОМ Производитель XIAMEN BEYONG KITCHEN BATH CO.,LTD Тов.знак BEYONG Артикул HME2.BSI .011 Кол-во 280.00 ШТ ШЛАНГ ДЛЯ ДУША, СИЛИКОНОВЫЙ, ДЛИННА 2.0 М, МАТОВЫЙ ЧЕРНЫЙ, C ДВОЙНЫМ ЗАЖИМОМ, С АЩИТОЙ ОТ ПЕРЕКРУЧИВАНИЯ, КОНУСНЫЕ ГАЙКИ, ОДНА С ШИРОКИМ УПЛОТНИТЕЛЬНЫМ КОЛЬЦ М Производитель XIAMEN BEYONG KITCHEN BATH CO.,LTD Тов.знак BEYONG Артикул HME2.BSI2.02 Кол-во 280.00 ШТ )66 CT-66, .1 PK, ) 1 CN: TEMU8929266часть,",3917390008,1026.80036,927.80039
10702070_091123_3454844.pdf,00036Преферен ция ОООО-ЛД 37Процедура 400000038,9503001009,1721.00036,1438.00039
10702070_100523_3187134.pdf,"7201000 RUB 25Вид 26Вид 27Место погрузки/разгрузки 28Финансовые и банковские сведения транспорта транспорта 10 на границе внутри страны 29Орган въезда/выезда 30Местонахождение товаров 10714040 Т/П МОРСКОЙ ПОРТ 99 , 10714040, ВОСТОЧНЫЙ 692941, РОССИЯ, ПРИМОРСКИЙ КРАЙ, 1 НАХОДКА, МКР. ВРАНГЕЛЬ, УЛ. ВНУТРИПОРТОВАЯ, 47 , N 10714000/200323/00070/2 от 20.03.2023 , А 10702070/100523/31871341ДЕКЛАРАЦИЯ ИМ 40 ЭД 12Отправитель/Экспортер MEGA-F HK LIMITED ГОНКОНГ, SUITE1802, HONG KONG, 89 QUEENSWAY, TOWER ONE LIPPO CTNTRE ИМ ЭД 3Формы 11 4Отгр. спец. 5Всего т-ов 16Всего мест 27377Справочный номер 8Получатель СМ. ГРАФУ 14 ДТ 9Лицо, ответственное за финансовое урегулирование СМ. ГРАФУ 14 ДТ 10Стр.перв.назнач/ посл.отп. 11Торг.страна HK 12Общая таможенная стоимость 27770873.521314Декларант ООО МАРКЕТ.ТРЕЙД 9705171890 / 770401001121099, РОССИЯ, РФ, Г. МОСКВА, НОВИНСКИЙ Б-Р, Д. 8 122770033949215Страна отправления КИТАЙ",9506290000,35228.00036,35228.00039
10702070_100623_3235676.pdf,57161: TRANSIT TAVAYZA 00 счета: 672733.,9401800009,386.00036,354.00039
10702070_100823_3326979.pdf,"T7W BLACK Артикул XG7341-T7W BLACK Кол-во 500.00 ШТ )1350 CT-1350, ) 1 CN: HNKU5108257,",9503001009,7330.00036,7330.00039
10702070_110723_3283035.pdf,07.20271401/0 ЕАЭС RU С-CH.АЯ24.В.01053/2214.07.2022 с 14.07.2022 по 13.07.20272011/0 MANBVS3992606.07.20233011/2 1060978130.08.2022 ДТ: 10702070/130623/32376253012/2 ДОП.127.02.2023 ДТ: 10702070/280623/32635153031/0 22120179/3292/0000/2/102.12.20224021/0 N2323CK260115.05.20234031/0 RN23071000910.07.20234033/2 1060087608.08.2022 ДТ: 10317120/161222/31643217011/0 117-ФЗ (ПП.2 П.2 СТ.164) 05.08.200050107011/0 90831.12.200450109022/0 T300A 11.07.20239023/2 Б/Н 13.06.2023 ДТ: 10702070/130623/32376259023/2 БН 13.06.2023 ДТ: 10702070/130623/32376259034/2 112724.01.2020 ДТ: 10013160/250522/326498641Дополнит.единицы 42Цена товара 4267520.00 С,9503001009,7310.00036,7040.00039
10702070_111023_3418336.pdf,"TT150Х80-11X 65W Кол-во 1136.00 ШТ 136.00 ШТ )71 PK-71, ) 1 CN: TNZU4015960часть,",8516797000,1199.90036,852.00039
10702070_111123_3457794.pdf,"2001000 CNY 25Вид 26Вид 27Место погрузки/разгрузки 28Финансовые и банковские сведения транспорта транспорта 10 на границе внутри страны 29Орган въезда/выезда 30Местонахождение товаров 10714040 Т/П МОРСКОЙ ПОРТ 99, 10714040, ВОСТОЧНЫЙ РОССИЯ, ПРИМОРСКИЙ КРАЙ, Г. 1 НАХОДКА, ВНУТРИПОРТОВАЯ УЛ, Д. 14А , N 10714000/280423/00129/2 от 28.04.2023 , А 10702070/111123/34577941ДЕКЛАРАЦИЯ ИМ 40 ЭД 12Отправитель/Экспортер NINGBO ANMU E-COMMERCE CO., LTD КИТАЙ, YINZHOU DISTRICT, NINGBO, 5-9,BUILDING 079,222 HUIZHAN ROAD ИМ ЭД 3Формы 12 4Отгр. спец. 5Всего т-ов 26Всего мест",9017300000,71.20036,67.20039
10702070_111123_3457795.pdf,"0314Декларант О 12 О 19 О 07 90 9 М 5 , 1 А Р 7 Р О 1 К 8 С Е 9 С 0 Т И . Т / Я 7 Р , 7 Е Р 0 Й Ф 4 Д 0 , 1 Г 0 . 0 М 1 ОСКВА, НОВИНСКИЙ Б-Р, Д. 81 К 5 И С Т т А р Й ана отправления",8467298509,6720.00036,6360.00039
10702070_111123_3457796.pdf,08.20281402/0 ЕАЭС N RU Д-CH.РА06.В.13525/2303.08.2023 с 03.08.2023 по 02.08.20282011/0 CSNBVS6987307.11.20232099/0 UTRUST23110139D 07.11.20233011/2 1059742529.07.2022 ДТ: 10005030/021122/32975683031/0 22081962/3292/0000/2/117.08.20224021/0 INALL230915-803P-0211.10.20234031/0 SS686-I01-B5-S 09.11.20234033/2 333101.08.2023 ДТ: 10131010/171023/33471,8467292000,682.50036,617.50039
10702070_111123_3457799.pdf,2023 ДТ: 10702070/111123/34577942099/0 UTRUST23110139C 07.11.20233011/2 HDYD20220722/105954,9015301000,882.00036,840.00039
10702070_120623_3236513.pdf,"57161: DATU HONOR 00 счета: 155712.0001000 CNY 25Вид 26Вид 27Место погрузки/разгрузки 28Финансовые и банковские сведения транспорта транспорта 10 на границе внутри страны 29Орган въезда/выезда 30Местонахождение товаров 10714040 Т/П МОРСКОЙ ПОРТ 99 , 10714040, ВОСТОЧНЫЙ 692941, РОССИЯ, ПРИМОРСКИЙ КРАЙ, 1 НАХОДКА, МКР. ВРАНГЕЛЬ, УЛ. ВНУТРИПОРТОВАЯ, 47 , N 10714000/200323/00070/2 от 20.03.2023 , А 10702070/120623/32365131ДЕКЛАРАЦИЯ ИМ 40 ЭД 12Отправитель/Экспортер JIANGSU SUPREME MECH-TECH CO.,LTD КИТАЙ, JIANGSU PROVINCE LVSI TOWN, QIDONG CITY, 12ND VILLAGE, 12ND GROUP ИМ ЭД 3Формы 11 4Отгр. спец. 5Всего т-ов 16Всего мест 1607Справочный номер 8Получатель СМ. ГРАФУ 14 ДТ 9Лицо, ответственное за финансовое урегулирование СМ. ГРАФУ 14 ДТ 10Стр.перв.назнач/ посл.отп. 11Торг.страна CN 12Общая таможенная стоимость 1955426.611314Декларант ООО МАРКЕТ.ТРЕЙД 9705171890 / 770401001121099, РОССИЯ, РФ, Г. МОСКВА, НОВИНСКИЙ Б-Р, Д. 8 122770033949215Страна отправления КИТАЙ",8467292000,3305.34036,2998.40039
10702070_120623_3236517.pdf,"57161: DATU HONOR 00 счета: 27586.9001000 CNY 25Вид 26Вид 27Место погрузки/разгрузки 28Финансовые и банковские сведения транспорта транспорта 10 на границе внутри страны 29Орган въезда/выезда 30Местонахождение товаров 10714040 Т/П МОРСКОЙ ПОРТ 99 , 10714040, ВОСТОЧНЫЙ 692941, РОССИЯ, ПРИМОРСКИЙ КРАЙ, 1 НАХОДКА, МКР. ВРАНГЕЛЬ, УЛ. ВНУТРИПОРТОВАЯ, 47 , N 10714000/200323/00070/2 от 20.03.2023 , А 10702070/120623/32365171ДЕКЛАРАЦИЯ ИМ 40 ЭД 12Отправитель/Экспортер SUZHOU INALL ENTERPRISE CO.,LTD. 215000, КИТАЙ, SUZHOU, NO.379 TAYUAN RD, HIGH-TECH ZONE ИМ ЭД 3Формы 11 4Отгр. спец. 5Всего т-ов 16Всего мест 317Справочный номер 8Получатель СМ. ГРАФУ 14 ДТ 9Лицо, ответственное за финансовое урегулирование СМ. ГРАФУ 14 ДТ 10Стр.перв.назнач/ посл.отп. 11Торг.страна CN 12Общая таможенная стоимость 350128.261314Декларант ООО МАРКЕТ.ТРЕЙД 9705171890 / 770401001121099, РОССИЯ, РФ, Г. МОСКВА, НОВИНСКИЙ Б-Р, Д. 8 122770033949215Страна отправления КИТАЙ",8467295100,635.50036,589.00039
10702070_120623_3236522.pdf,"00 ШТ SUPBOARD HIPER SUPB-0046 TRIP: САПБОРД (ДОСКА ДЛЯ ГРЕБЛИ СТОЯ), РАЗМЕРЫ: 3",9506290000,410.20036,377.38039
10702070_120623_3236532.pdf,"57161: DATU HONOR 00 счета: 166161.6601000 CNY 25Вид 26Вид 27Место погрузки/разгрузки 28Финансовые и банковские сведения транспорта транспорта 10 на границе внутри страны 29Орган въезда/выезда 30Местонахождение товаров 10714040 Т/П МОРСКОЙ ПОРТ 99 , 10714040, ВОСТОЧНЫЙ 692941, РОССИЯ, ПРИМОРСКИЙ КРАЙ, 1 НАХОДКА, МКР. ВРАНГЕЛЬ, УЛ. ВНУТРИПОРТОВАЯ, 47 , N 10714000/200323/00070/2 от 20.03.2023 , А 10702070/120623/32365321ДЕКЛАРАЦИЯ ИМ 40 ЭД 12Отправитель/Экспортер CIXI MINGYOU TRADING CO., LTD КИТАЙ, ZHEJIANG PROVINCE, CIXI CITY, ROOM 408-1,4TH FLOOR, BUILDING 2, NO. 600, NORTH ИМ ЭД 3Формы 11 4Отгр. спец. 5Всего т-ов 16Всего мест 1677Справочный номер 8Получатель СМ. ГРАФУ 14 ДТ 9Лицо, ответственное за финансовое урегулирование СМ. ГРАФУ 14 ДТ 10Стр.перв.назнач/ посл.отп. 11Торг.страна CN 12Общая таможенная стоимость 2019234.131314Декларант ООО МАРКЕТ.ТРЕЙД 9705171890 / 770401001121099, РОССИЯ, РФ, Г. МОСКВА, НОВИНСКИЙ Б-Р, Д. 8 122770033949215Страна отправления КИТАЙ",8467221000,1983.96036,1799.60039
